"Latest: Time (s)","Latest: Acceleration (m/s²)","Run 1: Time (s)","Run 1: Acceleration (m/s²)"
0,-0.123209698374,0,-1.35331478856
0.02,-0.151199930364,0.02,-2.05307058832
0.04,-0.151199930364,0.04,-2.3889533722
0.06,-0.179190162354,0.06,-2.08106082031
0.08,-0.179190162354,0.08,-2.19302174827
0.1,-0.179190162354,0.1,-2.47292406817
0.12,-0.179190162354,0.12,-2.64086546011
0.14,-0.151199930364,0.14,-2.64086546011
0.16,-0.179190162354,0.16,-2.33297290822
0.18,-0.151199930364,0.18,-3.17267986793
0.2,-0.179190162354,0.2,-2.80880685205
0.22,-0.151199930364,0.22,-3.03272870798
0.24,-0.151199930364,0.24,-2.86478731603
0.26,-0.179190162354,0.26,-2.83679708404
0.28,-0.179190162354,0.28,-3.03272870798
0.3,-0.151199930364,0.3,-2.80880685205
0.32,-0.179190162354,0.32,-2.78081662006
0.34,-0.151199930364,0.34,-2.78081662006
0.36,-0.179190162354,0.36,-2.89277754802
0.38,-0.151199930364,0.38,-2.52890453215
0.4,-0.151199930364,0.4,-2.6688556921
0.42,-0.179190162354,0.42,-2.50091430016
0.44,-0.179190162354,0.44,-2.6688556921
0.46,-0.151199930364,0.46,-2.44493383618
0.48,-0.179190162354,0.48,-2.50091430016
0.5,-0.151199930364,0.5,-1.71718780443
0.52,-0.207180394344,0.52,-2.33297290822
0.54,-0.179190162354,0.54,-2.1090510523
0.56,-0.179190162354,0.56,-1.71718780443
0.58,-0.179190162354,0.58,-1.71718780443
0.6,-0.179190162354,0.6,-1.68919757244
0.62,-0.151199930364,0.62,-0.793510148757
0.64,-0.151199930364,0.64,0.0741870429402
0.66,-0.0952194663834,0.66,-1.15738316463
0.68,-0.151199930364,0.68,-0.961451540698
0.7,-0.123209698374,0.7,-0.681549220796
0.72,-0.151199930364,0.72,-0.149734812982
0.74,-0.151199930364,0.74,0.0741870429402
0.76,-0.151199930364,0.76,0.158157738911
0.78,-0.123209698374,0.78,0.10217727493
0.8,-0.179190162354,0.8,0.494040522794
0.82,-0.151199930364,0.82,0.745952610706
0.84,-0.151199930364,0.84,0.689972146725
0.86,-0.179190162354,0.86,0.829923306676
0.88,-0.151199930364,0.88,1.02585493061
0.9,-0.179190162354,0.9,1.44570841046
0.92,-0.179190162354,0.92,1.55766933842
0.94,-0.151199930364,0.94,1.72561073036
0.96,-0.151199930364,0.96,1.55766933842
0.98,-0.151199930364,0.98,2.28541537017
1,-0.123209698374,1,2.17345444221
1.02,-0.151199930364,1.02,2.50933722609
1.04,-0.151199930364,1.04,2.81722977798
1.06,-0.151199930364,1.06,2.17345444221
1.08,-0.179190162354,1.08,2.81722977798
1.1,-0.179190162354,1.1,2.4813469941
1.12,-0.151199930364,1.12,2.67727861803
1.14,-0.179190162354,1.14,2.78923954599
1.16,-0.151199930364,1.16,2.78923954599
1.18,-0.179190162354,1.18,2.73325908201
1.2,-0.151199930364,1.2,2.84522000997
1.22,-0.151199930364,1.22,2.73325908201
1.24,-0.151199930364,1.24,2.67727861803
1.26,-0.151199930364,1.26,2.64928838604
1.28,-0.151199930364,1.28,2.67727861803
1.3,-0.179190162354,1.3,2.56531769007
1.32,-0.151199930364,1.32,2.4813469941
1.34,-0.179190162354,1.34,2.39737629813
1.36,-0.179190162354,1.36,2.22943490619
1.38,-0.151199930364,1.38,2.59330792206
1.4,-0.151199930364,1.4,2.39737629813
1.42,-0.151199930364,1.42,2.08948374624
1.44,-0.123209698374,1.44,1.89355212231
1.46,-0.179190162354,1.46,1.72561073036
1.48,-0.123209698374,1.48,1.72561073036
1.5,-0.179190162354,1.5,1.44570841046
1.52,-0.151199930364,1.52,1.30575725051
1.54,-0.151199930364,1.54,0.913894002647
1.56,-0.207180394344,1.56,1.08183539459
1.58,-0.179190162354,1.58,0.661981914735
1.6,-0.179190162354,1.6,0.578011218764
1.62,-0.151199930364,1.62,0.438060058813
1.64,-0.151199930364,1.64,0.270118666872
1.66,-0.179190162354,1.66,0.242128434882
1.68,-0.179190162354,1.68,0.186147970901
1.7,-0.179190162354,1.7,-0.485617596864
1.72,-0.151199930364,1.72,-0.373656668904
1.74,-0.179190162354,1.74,-0.569588292835
1.76,-0.151199930364,1.76,-1.2413538606
1.78,-0.123209698374,1.78,-0.709539452786
1.8,-0.179190162354,1.8,-0.989441772689
1.82,-0.151199930364,1.82,-1.32532455657
1.84,-0.151199930364,1.84,-1.35331478856
1.86,-0.179190162354,1.86,0.661981914735
1.88,-0.123209698374,1.88,-1.12939293264
1.9,-0.123209698374,1.9,-1.99709012434
1.92,-0.151199930364,1.92,-2.27699244424
1.94,-0.151199930364,1.94,-2.13704128429
1.96,-0.151199930364,1.96,-1.63321710846
1.98,-0.123209698374,1.98,-2.55689476414
2,-0.151199930364,2,-2.02508035633
2.02,-0.179190162354,2.02,-2.22101198026
2.04,-0.123209698374,2.04,-2.52890453215
2.06,-0.151199930364,2.06,-2.6688556921
2.08,-0.151199930364,2.08,-2.58488499613
2.1,-0.151199930364,2.1,-2.75282638807
2.12,-0.123209698374,2.12,-2.69684592409
2.14,-0.151199930364,2.14,-2.58488499613
2.16,-0.151199930364,2.16,-2.69684592409
2.18,-0.179190162354,2.18,-2.61287522812
2.2,-0.179190162354,2.2,-2.78081662006
2.22,-0.123209698374,2.22,-2.61287522812
2.24,-0.151199930364,2.24,-2.50091430016
2.26,-0.123209698374,2.26,-2.50091430016
2.28,-0.179190162354,2.28,-2.33297290822
2.3,-0.151199930364,2.3,-2.22101198026
2.32,-0.179190162354,2.32,-2.41694360419
2.34,-0.151199930364,2.34,-2.44493383618
2.36,-0.151199930364,2.36,-1.8291487324
2.38,-0.151199930364,2.38,-1.94110966036
2.4,-0.151199930364,2.4,-1.5212561805
2.42,-0.151199930364,2.42,-1.8291487324
2.44,-0.151199930364,2.44,-1.74517803642
2.46,-0.151199930364,2.46,-2.13704128429
2.48,-0.151199930364,2.48,-0.681549220796
2.5,-0.151199930364,2.5,-0.625568756816
2.52,-0.123209698374,2.52,-1.21336362861
2.54,-0.151199930364,2.54,-0.541598060845
2.56,-0.123209698374,2.56,-0.765519916767
2.58,-0.123209698374,2.58,-0.0937543490012
2.6,-0.151199930364,2.6,-0.00978365303054
2.62,-0.151199930364,2.62,0.494040522794
2.64,-0.151199930364,2.64,0.158157738911
2.66,-0.151199930364,2.66,0.130167506921
2.68,-0.179190162354,2.68,0.550020986774
2.7,-0.179190162354,2.7,0.745952610706
2.72,-0.151199930364,2.72,0.857913538667
2.74,-0.151199930364,2.74,0.801933074686
2.76,-0.151199930364,2.76,1.13781585857
2.78,-0.151199930364,2.78,1.47369864245
2.8,-0.151199930364,2.8,1.86556189032
2.82,-0.123209698374,2.82,1.58565957041
2.84,-0.0952194663834,2.84,1.66963026638
2.86,-0.151199930364,2.86,2.03350328226
2.88,-0.151199930364,2.88,2.00551305027
2.9,-0.179190162354,2.9,2.03350328226
2.92,-0.207180394344,2.92,2.4813469941
2.94,-0.179190162354,2.94,2.31340560216
2.96,-0.179190162354,2.96,2.22943490619
2.98,-0.179190162354,2.98,2.06149351425
3,-0.151199930364,3,2.25742513818
3.02,-0.179190162354,3.02,2.42536653012
3.04,-0.179190162354,3.04,2.45335676211
3.06,-0.151199930364,3.06,2.56531769007
3.08,-0.179190162354,3.08,2.50933722609
3.1,-0.123209698374,3.1,2.45335676211
3.12,-0.123209698374,3.12,2.36938606614
3.14,-0.179190162354,3.14,2.50933722609
3.16,-0.151199930364,3.16,2.25742513818
3.18,-0.179190162354,3.18,2.11747397823
3.2,-0.207180394344,3.2,2.03350328226
3.22,-0.179190162354,3.22,2.17345444221
3.24,-0.179190162354,3.24,2.31340560216
3.26,-0.179190162354,3.26,2.28541537017
3.28,-0.151199930364,3.28,1.94953258629
3.3,-0.151199930364,3.3,1.80958142633
3.32,-0.151199930364,3.32,1.6136498024
3.34,-0.151199930364,3.34,1.66963026638
3.36,-0.151199930364,3.36,1.22178655454
3.38,-0.123209698374,3.38,1.38972794648
3.4,-0.207180394344,3.4,0.410069826823
3.42,-0.179190162354,3.42,1.22178655454
3.44,-0.151199930364,3.44,0.661981914735
3.46,-0.179190162354,3.46,0.661981914735
3.48,-0.151199930364,3.48,0.382079594833
3.5,-0.179190162354,3.5,0.354089362842
3.52,-0.151199930364,3.52,0.130167506921
3.54,-0.179190162354,3.54,0.214138202891
3.56,-0.179190162354,3.56,-0.317676204923
3.58,-0.151199930364,3.58,-0.429637132884
3.6,-0.151199930364,3.6,-0.541598060845
3.62,-0.123209698374,3.62,-0.905471076718
3.64,-0.179190162354,3.64,-0.821500380747
3.66,-0.179190162354,3.66,-0.709539452786
3.68,-0.151199930364,3.68,-1.12939293264
3.7,-0.151199930364,3.7,-1.43728548453
3.72,-0.179190162354,3.72,-1.5212561805
3.74,-0.179190162354,3.74,1.44570841046
3.76,-0.179190162354,3.76,-0.905471076718
3.78,-0.207180394344,3.78,-1.18537339662
3.8,-0.179190162354,3.8,-1.96909989235
3.82,-0.179190162354,3.82,-2.19302174827
3.84,-0.123209698374,3.84,-2.24900221225
3.86,-0.151199930364,3.86,-2.33297290822
3.88,-0.151199930364,3.88,-2.16503151628
3.9,-0.151199930364,3.9,-2.61287522812
3.92,-0.207180394344,3.92,-2.36096314021
3.94,-0.207180394344,3.94,-2.52890453215
3.96,-0.151199930364,3.96,-2.44493383618
3.98,-0.151199930364,3.98,-2.27699244424
4,-0.123209698374,4,-2.27699244424
4.02,-0.179190162354,4.02,-2.44493383618
4.04,-0.179190162354,4.04,-2.50091430016
4.06,-0.123209698374,4.06,-2.16503151628
4.08,-0.179190162354,4.08,-2.3889533722
4.1,-0.179190162354,4.1,-2.08106082031
4.12,-0.235170626335,4.12,-2.27699244424
4.14,-0.263160858325,4.14,-2.13704128429
4.16,-0.263160858325,4.16,-1.99709012434
4.18,-0.235170626335,4.18,-1.91311942837
4.2,-0.263160858325,4.2,-1.57723664448
4.22,-0.319141322305,4.22,-1.96909989235
4.24,-0.291151090315,4.24,-1.66120734045
4.26,-0.263160858325,4.26,-1.38130502055
4.28,-0.235170626335,4.28,-0.317676204923
4.3,-0.235170626335,4.3,-1.85713896439
4.32,-0.235170626335,4.32,-1.71718780443
4.34,-0.235170626335,4.34,-1.35331478856
4.36,-0.263160858325,4.36,-0.961451540698
4.38,-0.319141322305,4.38,-0.821500380747
4.4,-0.347131554295,4.4,-0.765519916767
4.42,-0.403112018276,4.42,-0.877480844728
4.44,-0.347131554295,4.44,-0.401646900894
4.46,-0.263160858325,4.46,-0.597578524825
4.48,-0.459092482256,4.48,-0.00978365303054
4.5,-0.403112018276,4.5,0.270118666872
4.52,-0.347131554295,4.52,0.214138202891
4.54,-0.319141322305,4.54,0.438060058813
4.56,-0.291151090315,4.56,0.550020986774
4.58,-0.403112018276,4.58,0.410069826823
4.6,-0.403112018276,4.6,1.02585493061
4.62,-0.431102250266,4.62,1.08183539459
4.64,-0.207180394344,4.64,1.22178655454
4.66,-0.263160858325,4.66,1.41771817847
4.68,-0.319141322305,4.68,1.19379632255
4.7,-0.235170626335,4.7,1.47369864245
4.72,-0.235170626335,4.72,1.66963026638
4.74,-0.207180394344,4.74,2.11747397823
4.76,-0.123209698374,4.76,2.00551305027
4.78,-0.0672292343932,4.78,2.08948374624
4.8,-0.0952194663834,4.8,2.17345444221
4.82,-0.151199930364,4.82,2.11747397823
4.84,-0.0672292343932,4.84,2.11747397823
4.86,-0.0952194663834,4.86,2.22943490619
4.88,0.100712157548,4.88,2.14546421022
4.9,0.072721925558,4.9,2.22943490619
4.92,0.128702389538,4.92,2.31340560216
4.94,0.100712157548,4.94,2.25742513818
4.96,0.100712157548,4.96,2.2014446742
4.98,0.156692621529,4.98,2.2014446742
5,0.212673085509,5,2.25742513818
5.02,0.184682853519,5.02,2.06149351425
5.04,0.212673085509,5.04,2.06149351425
5.06,0.184682853519,5.06,1.94953258629
5.08,0.184682853519,5.08,2.03350328226
5.1,0.156692621529,5.1,1.86556189032
5.12,0.212673085509,5.12,2.17345444221
5.14,0.240663317499,5.14,1.72561073036
5.16,0.240663317499,5.16,1.3337474825
5.18,0.184682853519,5.18,1.55766933842
5.2,0.128702389538,5.2,1.30575725051
5.22,0.184682853519,5.22,1.3337474825
5.24,0.32463401347,5.24,1.27776701852
5.26,0.184682853519,5.26,1.08183539459
5.28,0.072721925558,5.28,1.24977678653
5.3,0.0447316935678,5.3,0.773942842696
5.32,0.0167414615775,5.32,0.717962378715
5.34,0.0447316935678,5.34,0.494040522794
5.36,-0.0392390024029,5.36,0.214138202891
5.38,-0.0392390024029,5.38,0.242128434882
5.4,-0.0392390024029,5.4,0.0741870429402
5.42,-0.0952194663834,5.42,-0.0377738850208
5.44,-0.347131554295,5.44,-0.429637132884
5.46,-0.151199930364,5.46,-0.597578524825
5.48,-0.319141322305,5.48,-0.513607828855
5.5,-0.375121786286,5.5,-0.989441772689
5.52,-0.319141322305,5.52,-0.877480844728
5.54,-0.487082714247,5.54,-1.5212561805
5.56,-0.487082714247,5.56,-0.989441772689
5.58,-0.487082714247,5.58,-1.12939293264
5.6,-0.403112018276,5.6,-1.71718780443
5.62,-0.487082714247,5.62,-2.22101198026
5.64,-0.487082714247,5.64,-2.30498267623
5.66,-0.655024106188,5.66,-2.30498267623
5.68,-0.627033874198,5.68,-1.63321710846
5.7,-0.543063178227,5.7,-2.13704128429
5.72,-0.571053410217,5.72,-1.96909989235
5.74,-0.711004570169,5.74,-2.19302174827
5.76,-0.655024106188,5.76,-2.1090510523
5.78,-0.627033874198,5.78,-2.24900221225
5.8,-0.655024106188,5.8,-2.27699244424
5.82,-0.599043642208,5.82,-2.22101198026
5.84,-0.543063178227,5.84,-2.27699244424
5.86,-0.571053410217,5.86,-2.33297290822
5.88,-0.515072946237,5.88,-2.27699244424
5.9,-0.571053410217,5.9,-2.13704128429
5.92,-0.459092482256,5.92,-1.94110966036
5.94,-0.487082714247,5.94,-2.02508035633
5.96,-0.431102250266,5.96,-1.96909989235
5.98,-0.431102250266,5.98,-1.60522687647
6,-0.431102250266,6,-1.99709012434
6.02,-0.431102250266,6.02,-1.63321710846
6.04,-0.459092482256,6.04,-1.74517803642
6.06,-0.375121786286,6.06,-1.8291487324
6.08,-0.151199930364,6.08,-2.05307058832
6.1,-0.291151090315,6.1,-1.63321710846
6.12,-0.291151090315,6.12,-0.793510148757
6.14,-0.179190162354,6.14,-1.18537339662
6.16,-0.0392390024029,6.16,-2.41694360419
6.18,0.0167414615775,6.18,-1.21336362861
6.2,-0.0112487704127,6.2,-0.709539452786
6.22,-0.0672292343932,6.22,-0.737529684777
6.24,-0.207180394344,6.24,-0.737529684777
6.26,-0.0392390024029,6.26,-0.429637132884
6.28,0.072721925558,6.28,-0.233705508952
6.3,0.184682853519,6.3,0.0461968109499
6.32,0.212673085509,6.32,-0.261695740943
6.34,0.184682853519,6.34,-0.00978365303054
6.36,0.156692621529,6.36,-0.149734812982
6.38,0.156692621529,6.38,0.410069826823
6.4,0.184682853519,6.4,0.298108898862
6.42,0.240663317499,6.42,0.410069826823
6.44,0.240663317499,6.44,0.633991682745
6.46,0.212673085509,6.46,0.661981914735
6.48,0.184682853519,6.48,1.02585493061
6.5,0.212673085509,6.5,0.857913538667
6.52,0.128702389538,6.52,1.0538451626
6.54,0.128702389538,6.54,1.38972794648
6.56,0.128702389538,6.56,1.3337474825
6.58,0.072721925558,6.58,1.19379632255
6.6,0.072721925558,6.6,1.6136498024
6.62,0.072721925558,6.62,1.86556189032
6.64,0.072721925558,6.64,1.75360096235
6.66,-0.0112487704127,6.66,1.83757165832
6.68,-0.0952194663834,6.68,1.72561073036
6.7,-0.0672292343932,6.7,1.97752281828
6.72,-0.0392390024029,6.72,1.86556189032
6.74,-0.0112487704127,6.74,2.00551305027
6.76,-0.0392390024029,6.76,2.00551305027
6.78,-0.207180394344,6.78,2.03350328226
6.8,-0.263160858325,6.8,2.08948374624
6.82,-0.151199930364,6.82,2.08948374624
6.84,-0.207180394344,6.84,2.06149351425
6.86,-0.319141322305,6.86,1.97752281828
6.88,-0.291151090315,6.88,1.94953258629
6.9,-0.291151090315,6.9,1.9215423543
6.92,-0.319141322305,6.92,2.22943490619
6.94,-0.431102250266,6.94,1.52967910643
6.96,-0.431102250266,6.96,1.64164003439
6.98,-0.347131554295,6.98,1.47369864245
7,-0.431102250266,7,1.44570841046
7.02,-0.459092482256,7.02,1.36173771449
7.04,-0.515072946237,7.04,1.3337474825
7.06,-0.515072946237,7.06,1.52967910643
7.08,-0.431102250266,7.08,0.941884234637
7.1,-0.375121786286,7.1,0.941884234637
7.12,-0.375121786286,7.12,1.19379632255
7.14,-0.319141322305,7.14,0.689972146725
7.16,-0.347131554295,7.16,0.633991682745
7.18,-0.319141322305,7.18,0.438060058813
7.2,-0.235170626335,7.2,0.438060058813
7.22,-0.235170626335,7.22,0.354089362842
7.24,-0.207180394344,7.24,0.0741870429402
7.26,-0.207180394344,7.26,-0.121744580991
7.28,-0.235170626335,7.28,-0.513607828855
7.3,-0.263160858325,7.3,-0.205715276962
7.32,-0.179190162354,7.32,-0.513607828855
7.34,-0.0952194663834,7.34,-0.597578524825
7.36,-0.0112487704127,7.36,-0.709539452786
7.38,-0.0672292343932,7.38,-0.793510148757
7.4,-0.0952194663834,7.4,-0.653558988806
7.42,-0.0392390024029,7.42,-0.961451540698
7.44,0.0447316935678,7.44,-1.18537339662
7.46,0.0447316935678,7.46,-1.15738316463
7.48,-0.0112487704127,7.48,-1.35331478856
7.5,0.100712157548,7.5,-1.66120734045
7.52,0.0447316935678,7.52,-1.10140270065
7.54,0.0447316935678,7.54,-1.74517803642
7.56,0.072721925558,7.56,-1.80115850041
7.58,0.0447316935678,7.58,-1.96909989235
7.6,0.0447316935678,7.6,-1.94110966036
7.62,0.0167414615775,7.62,-1.88512919638
7.64,-0.0392390024029,7.64,-1.99709012434
7.66,0.072721925558,7.66,-2.05307058832
7.68,-0.0112487704127,7.68,-1.96909989235
7.7,-0.0392390024029,7.7,-2.08106082031
7.72,0.0167414615775,7.72,-2.13704128429
7.74,-0.0392390024029,7.74,-2.08106082031
7.76,-0.0392390024029,7.76,-2.02508035633
7.78,-0.0392390024029,7.78,-2.05307058832
7.8,-0.0672292343932,7.8,-1.91311942837
7.82,-0.123209698374,7.82,-1.88512919638
7.84,-0.151199930364,7.84,-1.74517803642
7.86,-0.179190162354,7.86,-2.24900221225
7.88,-0.347131554295,7.88,-1.80115850041
7.9,-0.319141322305,7.9,-1.63321710846
7.92,-0.291151090315,7.92,-1.60522687647
7.94,-0.319141322305,7.94,-1.43728548453
7.96,-0.319141322305,7.96,-1.85713896439
7.98,-0.375121786286,7.98,-1.32532455657
8,-0.319141322305,8,-1.21336362861
8.02,-0.347131554295,8.02,-0.905471076718
8.04,-0.375121786286,8.04,-0.877480844728
8.06,-0.375121786286,8.06,-0.905471076718
8.08,-0.487082714247,8.08,-0.737529684777
8.1,-0.459092482256,8.1,-0.569588292835
8.12,-0.487082714247,8.12,-0.709539452786
8.14,-0.403112018276,8.14,-0.345666436913
8.16,-0.431102250266,8.16,-0.457627364874
8.18,-0.403112018276,8.18,-0.233705508952
8.2,-0.375121786286,8.2,0.0461968109499
8.22,-0.431102250266,8.22,0.0461968109499
8.24,-0.431102250266,8.24,0.158157738911
8.26,-0.347131554295,8.26,0.438060058813
8.28,-0.375121786286,8.28,0.382079594833
8.3,-0.487082714247,8.3,0.829923306676
8.32,-0.403112018276,8.32,0.829923306676
8.34,-0.347131554295,8.34,0.801933074686
8.36,-0.263160858325,8.36,0.997864698618
8.38,-0.263160858325,8.38,1.16580609056
8.4,-0.319141322305,8.4,1.3337474825
8.42,-0.263160858325,8.42,1.24977678653
8.44,-0.263160858325,8.44,1.10982562658
8.46,-0.235170626335,8.46,1.50168887444
8.48,-0.123209698374,8.48,1.50168887444
8.5,-0.179190162354,8.5,1.66963026638
8.52,-0.179190162354,8.52,1.6136498024
8.54,-0.179190162354,8.54,1.75360096235
8.56,-0.0392390024029,8.56,1.6136498024
8.58,0.100712157548,8.58,1.72561073036
8.6,0.0447316935678,8.6,1.9215423543
8.62,0.072721925558,8.62,1.89355212231
8.64,0.0447316935678,8.64,1.89355212231
8.66,0.128702389538,8.66,1.83757165832
8.68,0.128702389538,8.68,1.83757165832
8.7,0.128702389538,8.7,1.80958142633
8.72,0.184682853519,8.72,1.80958142633
8.74,0.212673085509,8.74,1.80958142633
8.76,0.240663317499,8.76,1.75360096235
8.78,0.184682853519,8.78,1.78159119434
8.8,0.184682853519,8.8,1.64164003439
8.82,0.212673085509,8.82,1.72561073036
8.84,0.156692621529,8.84,1.52967910643
8.86,0.156692621529,8.86,1.30575725051
8.88,0.100712157548,8.88,1.36173771449
8.9,0.072721925558,8.9,1.16580609056
8.92,0.128702389538,8.92,1.27776701852
8.94,0.100712157548,8.94,1.0538451626
8.96,0.100712157548,8.96,0.745952610706
8.98,0.072721925558,8.98,0.941884234637
9,-0.0112487704127,9,0.550020986774
9.02,0.0447316935678,9.02,0.606001450755
9.04,-0.0112487704127,9.04,0.438060058813
9.06,0.072721925558,9.06,0.494040522794
9.08,0.0447316935678,9.08,0.10217727493
9.1,-0.0112487704127,9.1,0.0461968109499
9.12,-0.235170626335,9.12,-0.0937543490012
9.14,-0.151199930364,9.14,-0.0937543490012
9.16,-0.207180394344,9.16,-0.513607828855
9.18,0.0167414615775,9.18,-0.513607828855
9.2,-0.263160858325,9.2,-0.541598060845
9.22,-0.263160858325,9.22,-0.709539452786
9.24,-0.459092482256,9.24,-0.653558988806
9.26,-0.375121786286,9.26,-0.821500380747
9.28,-0.431102250266,9.28,-0.877480844728
9.3,-0.375121786286,9.3,-0.905471076718
9.32,-0.515072946237,9.32,-1.04542223667
9.34,-0.571053410217,9.34,-1.21336362861
9.36,-0.487082714247,9.36,-1.21336362861
9.38,-0.543063178227,9.38,-1.5212561805
9.4,-0.543063178227,9.4,-1.54924641249
9.42,-0.543063178227,9.42,-3.28464079589
9.44,-0.627033874198,9.44,-2.13704128429
9.46,-0.599043642208,9.46,-1.91311942837
9.48,-0.571053410217,9.48,-1.80115850041
9.5,-0.543063178227,9.5,-1.94110966036
9.52,-0.487082714247,9.52,-1.8291487324
9.54,-0.487082714247,9.54,-1.74517803642
9.56,-0.459092482256,9.56,-1.85713896439
9.58,-0.459092482256,9.58,-1.94110966036
9.6,-0.375121786286,9.6,-1.85713896439
9.62,-0.459092482256,9.62,-1.8291487324
9.64,-0.431102250266,9.64,-1.88512919638
9.66,-0.375121786286,9.66,-1.88512919638
9.68,-0.291151090315,9.68,-1.63321710846
9.7,-0.403112018276,9.7,-1.85713896439
9.72,-0.459092482256,9.72,-1.57723664448
9.74,-0.319141322305,9.74,-1.43728548453
9.76,-0.263160858325,9.76,-1.40929525254
9.78,-0.0392390024029,9.78,-0.905471076718
9.8,-0.319141322305,9.8,-2.30498267623
9.82,-0.0952194663834,9.82,-1.60522687647
9.84,-0.123209698374,9.84,-1.12939293264
9.86,-0.0392390024029,9.86,-1.26934409259
9.88,0.128702389538,9.88,-1.01743200468
9.9,0.0447316935678,9.9,-0.709539452786
9.92,0.128702389538,9.92,-0.849490612737
9.94,0.100712157548,9.94,-0.485617596864
9.96,0.072721925558,9.96,-0.765519916767
9.98,0.156692621529,9.98,-0.597578524825
10,0.100712157548,10,-0.205715276962
10.02,0.29664378148,10.02,-0.0377738850208
10.04,0.156692621529,10.04,-0.177725044972
10.06,0.156692621529,10.06,-0.0377738850208
10.08,0.212673085509,10.08,0.10217727493
10.1,0.240663317499,10.1,0.298108898862
10.12,0.212673085509,10.12,0.326099130852
10.14,0.156692621529,10.14,0.522030754784
10.16,0.128702389538,10.16,0.606001450755
10.18,0.128702389538,10.18,0.606001450755
10.2,0.128702389538,10.2,0.829923306676
10.22,0.128702389538,10.22,0.857913538667
10.24,0.128702389538,10.24,0.941884234637
10.26,0.0167414615775,10.26,1.0538451626
10.28,0.0447316935678,10.28,1.02585493061
10.3,-0.0392390024029,10.3,1.08183539459
10.32,0.0447316935678,10.32,1.19379632255
10.34,-0.0392390024029,10.34,1.30575725051
10.36,-0.123209698374,10.36,1.58565957041
10.38,-0.179190162354,10.38,1.72561073036
10.4,-0.123209698374,10.4,1.75360096235
10.42,-0.263160858325,10.42,1.86556189032
10.44,-0.263160858325,10.44,1.75360096235
10.46,-0.179190162354,10.46,1.55766933842
10.48,-0.263160858325,10.48,1.58565957041
10.5,-0.235170626335,10.5,1.6136498024
10.52,-0.291151090315,10.52,1.64164003439
10.54,-0.347131554295,10.54,1.6136498024
10.56,-0.319141322305,10.56,1.66963026638
10.58,-0.347131554295,10.58,1.64164003439
10.6,-0.347131554295,10.6,1.55766933842
10.62,-0.431102250266,10.62,1.58565957041
10.64,-0.459092482256,10.64,1.52967910643
10.66,-0.403112018276,10.66,1.41771817847
10.68,-0.375121786286,10.68,1.50168887444
10.7,-0.431102250266,10.7,1.36173771449
10.72,-0.431102250266,10.72,1.16580609056
10.74,-0.459092482256,10.74,1.16580609056
10.76,-0.375121786286,10.76,1.13781585857
10.78,-0.375121786286,10.78,1.02585493061
10.8,-0.319141322305,10.8,0.913894002647
10.82,-0.263160858325,10.82,0.885903770657
10.84,-0.291151090315,10.84,0.661981914735
10.86,-0.291151090315,10.86,0.550020986774
10.88,-0.319141322305,10.88,0.773942842696
10.9,-0.207180394344,10.9,0.298108898862
10.92,-0.263160858325,10.92,0.270118666872
10.94,-0.207180394344,10.94,0.326099130852
10.96,-0.319141322305,10.96,-0.065764117011
10.98,-0.263160858325,10.98,-0.177725044972
11,-0.235170626335,11,-0.205715276962
11.02,-0.0672292343932,11.02,-0.345666436913
11.04,-0.0112487704127,11.04,-0.541598060845
11.06,-0.0112487704127,11.06,-0.373656668904
11.08,-0.0392390024029,11.08,-0.933461308708
11.1,-0.0112487704127,11.1,-0.485617596864
11.12,0.0447316935678,11.12,-0.849490612737
11.14,0.072721925558,11.14,-0.793510148757
11.16,0.072721925558,11.16,-1.04542223667
11.18,0.100712157548,11.18,-0.933461308708
11.2,0.072721925558,11.2,-1.15738316463
11.22,0.0447316935678,11.22,-1.21336362861
11.24,0.100712157548,11.24,-1.32532455657
11.26,0.0167414615775,11.26,-1.43728548453
11.28,0.0167414615775,11.28,-1.5212561805
11.3,-0.0392390024029,11.3,-1.5212561805
11.32,-0.0112487704127,11.32,-0.961451540698
11.34,-0.0112487704127,11.34,-1.63321710846
11.36,0.0167414615775,11.36,-1.35331478856
11.38,0.0447316935678,11.38,-1.94110966036
11.4,-0.0392390024029,11.4,-1.66120734045
11.42,0.0167414615775,11.42,-1.57723664448
11.44,-0.0392390024029,11.44,-1.8291487324
11.46,-0.0672292343932,11.46,-1.74517803642
11.48,-0.0672292343932,11.48,-1.66120734045
11.5,-0.0672292343932,11.5,-1.68919757244
11.52,-0.123209698374,11.52,-1.60522687647
11.54,-0.151199930364,11.54,-1.5212561805
11.56,-0.347131554295,11.56,-1.71718780443
11.58,-0.375121786286,11.58,-1.21336362861
11.6,-0.263160858325,11.6,-1.38130502055
11.62,-0.263160858325,11.62,-1.18537339662
11.64,-0.319141322305,11.64,-1.5212561805
11.66,-0.291151090315,11.66,-1.18537339662
11.68,-0.375121786286,11.68,-0.961451540698
11.7,-0.431102250266,11.7,-1.12939293264
11.72,-0.403112018276,11.72,-1.01743200468
11.74,-0.375121786286,11.74,-0.961451540698
11.76,-0.431102250266,11.76,-0.905471076718
11.78,-0.487082714247,11.78,-0.709539452786
11.8,-0.459092482256,11.8,-0.765519916767
11.82,-0.431102250266,11.82,-0.513607828855
11.84,-0.403112018276,11.84,-0.541598060845
11.86,-0.431102250266,11.86,-0.261695740943
11.88,-0.431102250266,11.88,0.158157738911
11.9,-0.459092482256,11.9,-0.0937543490012
11.92,-0.403112018276,11.92,-0.121744580991
11.94,-0.431102250266,11.94,-0.00978365303054
11.96,-0.375121786286,11.96,-0.00978365303054
11.98,-0.375121786286,11.98,0.242128434882
12,-0.403112018276,12,0.438060058813
12.02,-0.487082714247,12.02,0.326099130852
12.04,-0.403112018276,12.04,0.606001450755
12.06,-0.375121786286,12.06,0.633991682745
12.08,-0.375121786286,12.08,0.857913538667
12.1,-0.235170626335,12.1,0.801933074686
12.12,-0.235170626335,12.12,0.773942842696
12.14,-0.207180394344,12.14,1.0538451626
12.16,-0.263160858325,12.16,1.22178655454
12.18,-0.207180394344,12.18,1.22178655454
12.2,-0.123209698374,12.2,1.16580609056
12.22,-0.0672292343932,12.22,1.08183539459
12.24,-0.0672292343932,12.24,1.22178655454
12.26,0.100712157548,12.26,1.44570841046
12.28,0.072721925558,12.28,1.58565957041
12.3,0.072721925558,12.3,1.36173771449
12.32,0.128702389538,12.32,1.47369864245
12.34,0.156692621529,12.34,1.44570841046
12.36,0.184682853519,12.36,1.58565957041
12.38,0.184682853519,12.38,1.44570841046
12.4,0.240663317499,12.4,1.52967910643
12.42,0.29664378148,12.42,1.44570841046
12.44,0.26865354949,12.44,1.50168887444
12.46,0.212673085509,12.46,1.47369864245
12.48,0.156692621529,12.48,1.44570841046
12.5,0.128702389538,12.5,1.3337474825
12.52,0.156692621529,12.52,1.24977678653
12.54,0.100712157548,12.54,1.24977678653
12.56,0.128702389538,12.56,1.38972794648
12.58,0.128702389538,12.58,1.08183539459
12.6,0.100712157548,12.6,1.08183539459
12.62,0.100712157548,12.62,1.16580609056
12.64,0.184682853519,12.64,0.745952610706
12.66,0.0447316935678,12.66,1.02585493061
12.68,0.072721925558,12.68,0.606001450755
12.7,0.0167414615775,12.7,0.661981914735
12.72,0.072721925558,12.72,0.522030754784
12.74,-0.0672292343932,12.74,0.633991682745
12.76,0.0167414615775,12.76,0.214138202891
12.78,-0.347131554295,12.78,0.270118666872
12.8,-0.0392390024029,12.8,0.270118666872
12.82,-0.207180394344,12.82,0.130167506921
12.84,-0.151199930364,12.84,0.0182065789597
12.86,-0.319141322305,12.86,-0.289685972933
12.88,-0.291151090315,12.88,-0.233705508952
12.9,-0.151199930364,12.9,-0.149734812982
12.92,-0.319141322305,12.92,-0.625568756816
12.94,-0.375121786286,12.94,-0.457627364874
12.96,-0.459092482256,12.96,-0.709539452786
12.98,-0.347131554295,12.98,-1.01743200468
13,-0.375121786286,13,-0.961451540698
13.02,-0.515072946237,13.02,-1.04542223667
13.04,-0.487082714247,13.04,-0.905471076718
13.06,-0.543063178227,13.06,-0.849490612737
13.08,-0.571053410217,13.08,-0.905471076718
13.1,-0.627033874198,13.1,-1.2413538606
13.12,-0.599043642208,13.12,-1.15738316463
13.14,-0.543063178227,13.14,-1.40929525254
13.16,-0.571053410217,13.16,-1.21336362861
13.18,-0.543063178227,13.18,-1.43728548453
13.2,-0.487082714247,13.2,-1.38130502055
13.22,-0.459092482256,13.22,-1.80115850041
13.24,-0.459092482256,13.24,-1.49326594851
13.26,-0.543063178227,13.26,-1.46527571652
13.28,-0.347131554295,13.28,-1.96909989235
13.3,-0.347131554295,13.3,-1.49326594851
13.32,-0.319141322305,13.32,-1.5212561805
13.34,-0.263160858325,13.34,-1.66120734045
13.36,-0.319141322305,13.36,-1.66120734045
13.38,-0.179190162354,13.38,-1.46527571652
13.4,-0.263160858325,13.4,-1.29733432458
13.42,-0.291151090315,13.42,-1.35331478856
13.44,-0.263160858325,13.44,-0.681549220796
13.46,-0.179190162354,13.46,-1.60522687647
13.48,-0.179190162354,13.48,-1.07341246866
13.5,-0.123209698374,13.5,-1.18537339662
13.52,-0.0672292343932,13.52,-1.12939293264
13.54,0.128702389538,13.54,-0.989441772689
13.56,0.0447316935678,13.56,-0.709539452786
13.58,0.0167414615775,13.58,-0.765519916767
13.6,0.0447316935678,13.6,-0.793510148757
13.62,0.100712157548,13.62,-0.765519916767
13.64,0.100712157548,13.64,-0.709539452786
13.66,0.072721925558,13.66,-0.457627364874
13.68,0.100712157548,13.68,-0.373656668904
13.7,0.156692621529,13.7,-0.569588292835
13.72,0.212673085509,13.72,-0.429637132884
13.74,0.212673085509,13.74,-0.233705508952
13.76,0.156692621529,13.76,-0.345666436913
13.78,0.156692621529,13.78,-0.121744580991
13.8,0.26865354949,13.8,-0.00978365303054
13.82,0.184682853519,13.82,0.158157738911
13.84,0.100712157548,13.84,0.354089362842
13.86,0.156692621529,13.86,0.550020986774
13.88,0.128702389538,13.88,0.522030754784
13.9,0.128702389538,13.9,0.633991682745
13.92,0.100712157548,13.92,0.689972146725
13.94,0.0167414615775,13.94,0.801933074686
13.96,0.0167414615775,13.96,0.773942842696
13.98,-0.0672292343932,13.98,0.997864698618
14,-0.0112487704127,14,0.941884234637
14.02,-0.0672292343932,14.02,0.941884234637
14.04,-0.179190162354,14.04,1.02585493061
14.06,-0.207180394344,14.06,0.997864698618
14.08,-0.0952194663834,14.08,1.13781585857
14.1,-0.235170626335,14.1,1.08183539459
14.12,-0.263160858325,14.12,1.22178655454
14.14,-0.263160858325,14.14,1.38972794648
14.16,-0.263160858325,14.16,1.27776701852
14.18,-0.207180394344,14.18,1.27776701852
14.2,-0.207180394344,14.2,1.38972794648
14.22,-0.431102250266,14.22,1.36173771449
14.24,-0.375121786286,14.24,1.36173771449
14.26,-0.375121786286,14.26,1.27776701852
14.28,-0.347131554295,14.28,1.3337474825
14.3,-0.459092482256,14.3,1.24977678653
14.32,-0.431102250266,14.32,1.24977678653
14.34,-0.459092482256,14.34,1.22178655454
14.36,-0.431102250266,14.36,1.24977678653
14.38,-0.487082714247,14.38,1.22178655454
14.4,-0.487082714247,14.4,1.24977678653
14.42,-0.431102250266,14.42,1.13781585857
14.44,-0.431102250266,14.44,1.10982562658
14.46,-0.319141322305,14.46,0.969874466628
14.48,-0.319141322305,14.48,0.997864698618
14.5,-0.375121786286,14.5,0.801933074686
14.52,-0.291151090315,14.52,0.773942842696
14.54,-0.319141322305,14.54,0.661981914735
14.56,-0.319141322305,14.56,0.466050290803
14.58,-0.235170626335,14.58,0.522030754784
14.6,-0.263160858325,14.6,0.466050290803
14.62,-0.263160858325,14.62,0.214138202891
14.64,-0.263160858325,14.64,-0.00978365303054
14.66,-0.123209698374,14.66,0.130167506921
14.68,-0.0952194663834,14.68,0.186147970901
14.7,-0.151199930364,14.7,-0.0377738850208
14.72,-0.0112487704127,14.72,-0.205715276962
14.74,-0.0112487704127,14.74,-0.205715276962
14.76,0.0167414615775,14.76,-0.485617596864
14.78,-0.0112487704127,14.78,-0.541598060845
14.8,0.0167414615775,14.8,-0.289685972933
14.82,0.072721925558,14.82,-0.513607828855
14.84,0.072721925558,14.84,-0.625568756816
14.86,0.0447316935678,14.86,-0.569588292835
14.88,0.100712157548,14.88,-0.737529684777
14.9,0.072721925558,14.9,-0.933461308708
14.92,0.0167414615775,14.92,-0.989441772689
14.94,0.072721925558,14.94,-0.933461308708
14.96,-0.0112487704127,14.96,-1.07341246866
14.98,0.0167414615775,14.98,-1.18537339662
15,0.0447316935678,15,-1.01743200468
15.02,-0.0392390024029,15.02,-1.18537339662
15.04,0.0447316935678,15.04,-0.933461308708
15.06,0.072721925558,15.06,-1.18537339662
15.08,0.0167414615775,15.08,-1.38130502055
15.1,-0.0112487704127,15.1,-1.40929525254
15.12,-0.0392390024029,15.12,-1.32532455657
15.14,-0.0392390024029,15.14,-1.32532455657
15.16,-0.0672292343932,15.16,-1.38130502055
15.18,-0.123209698374,15.18,-1.2413538606
15.2,-0.207180394344,15.2,-1.29733432458
15.22,-0.123209698374,15.22,-1.2413538606
15.24,-0.319141322305,15.24,-1.21336362861
15.26,-0.123209698374,15.26,-1.2413538606
15.28,-0.375121786286,15.28,-1.35331478856
15.3,-0.291151090315,15.3,-1.15738316463
15.32,-0.263160858325,15.32,-0.933461308708
15.34,-0.375121786286,15.34,-0.933461308708
15.36,-0.347131554295,15.36,-1.18537339662
15.38,-0.347131554295,15.38,-0.877480844728
15.4,-0.431102250266,15.4,-0.933461308708
15.42,-0.431102250266,15.42,-0.709539452786
15.44,-0.403112018276,15.44,-0.653558988806
15.46,-0.403112018276,15.46,-0.541598060845
15.48,-0.403112018276,15.48,-0.709539452786
15.5,-0.375121786286,15.5,-0.597578524825
15.52,-0.403112018276,15.52,-0.233705508952
15.54,-0.431102250266,15.54,0.270118666872
15.56,-0.431102250266,15.56,-0.625568756816
15.58,-0.403112018276,15.58,-0.513607828855
15.6,-0.375121786286,15.6,-0.065764117011
15.62,-0.431102250266,15.62,-0.0377738850208
15.64,-0.431102250266,15.64,0.242128434882
15.66,-0.431102250266,15.66,0.0461968109499
15.68,-0.347131554295,15.68,0.158157738911
15.7,-0.263160858325,15.7,0.410069826823
15.72,-0.207180394344,15.72,0.326099130852
15.74,-0.235170626335,15.74,0.494040522794
15.76,-0.179190162354,15.76,0.382079594833
15.78,-0.0672292343932,15.78,0.633991682745
15.8,-0.179190162354,15.8,0.829923306676
15.82,-0.207180394344,15.82,0.661981914735
15.84,-0.235170626335,15.84,0.689972146725
15.86,-0.151199930364,15.86,0.913894002647
15.88,-0.151199930364,15.88,0.969874466628
15.9,-0.0392390024029,15.9,0.913894002647
15.92,-0.0112487704127,15.92,0.773942842696
15.94,0.0167414615775,15.94,0.941884234637
15.96,-0.0112487704127,15.96,1.0538451626
15.98,0.0447316935678,15.98,1.08183539459
16,0.072721925558,16,1.08183539459
16.02,0.156692621529,16.02,1.16580609056
16.04,0.100712157548,16.04,1.16580609056
16.06,0.184682853519,16.06,1.19379632255
16.08,0.184682853519,16.08,1.19379632255
16.1,0.184682853519,16.1,1.19379632255
16.12,0.212673085509,16.12,1.19379632255
16.14,0.212673085509,16.14,1.10982562658
16.16,0.184682853519,16.16,1.13781585857
16.18,0.212673085509,16.18,0.997864698618
16.2,0.156692621529,16.2,1.19379632255
16.22,0.100712157548,16.22,1.08183539459
16.24,0.184682853519,16.24,0.885903770657
16.26,0.212673085509,16.26,0.885903770657
16.28,0.128702389538,16.28,0.829923306676
16.3,0.128702389538,16.3,0.913894002647
16.32,0.072721925558,16.32,0.941884234637
16.34,0.100712157548,16.34,0.829923306676
16.36,0.128702389538,16.36,0.773942842696
16.38,0.072721925558,16.38,0.606001450755
16.4,-0.0112487704127,16.4,0.214138202891
16.42,0.128702389538,16.42,0.466050290803
16.44,-0.179190162354,16.44,0.354089362842
16.46,0.0167414615775,16.46,0.158157738911
16.48,-0.151199930364,16.48,0.382079594833
16.5,-0.319141322305,16.5,0.130167506921
16.52,-0.123209698374,16.52,0.214138202891
16.54,-0.179190162354,16.54,0.186147970901
16.56,-0.235170626335,16.56,0.0741870429402
16.58,-0.291151090315,16.58,-0.177725044972
16.6,-0.263160858325,16.6,-0.177725044972
16.62,-0.375121786286,16.62,-0.065764117011
16.64,-0.347131554295,16.64,-0.401646900894
16.66,-0.543063178227,16.66,-0.513607828855
16.68,-0.431102250266,16.68,-0.429637132884
16.7,-0.459092482256,16.7,-0.653558988806
16.72,-0.515072946237,16.72,-0.317676204923
16.74,-0.599043642208,16.74,-0.989441772689
16.76,-0.515072946237,16.76,-0.765519916767
16.78,-0.571053410217,16.78,-0.765519916767
16.8,-0.571053410217,16.8,-1.01743200468
16.82,-0.515072946237,16.82,-0.961451540698
16.84,-0.599043642208,16.84,-0.961451540698
16.86,-0.543063178227,16.86,-1.10140270065
16.88,-0.487082714247,16.88,-1.04542223667
16.9,-0.543063178227,16.9,-1.07341246866
16.92,-0.431102250266,16.92,-1.07341246866
16.94,-0.459092482256,16.94,-1.12939293264
16.96,-0.375121786286,16.96,-1.01743200468
16.98,-0.431102250266,16.98,-1.29733432458
17,-0.431102250266,17,-1.15738316463
17.02,-0.347131554295,17.02,-1.21336362861
17.04,-0.235170626335,17.04,-1.12939293264
17.06,-0.291151090315,17.06,-1.12939293264
17.08,-0.347131554295,17.08,-1.10140270065
17.1,-0.347131554295,17.1,-1.15738316463
17.12,-0.151199930364,17.12,-0.961451540698
17.14,-0.207180394344,17.14,-0.989441772689
17.16,-0.179190162354,17.16,-1.01743200468
17.18,-0.0952194663834,17.18,-1.07341246866
17.2,-0.0112487704127,17.2,-0.933461308708
17.22,-0.0952194663834,17.22,-0.709539452786
17.24,-0.0952194663834,17.24,-0.793510148757
17.26,0.072721925558,17.26,-0.961451540698
17.28,0.072721925558,17.28,-0.653558988806
17.3,0.072721925558,17.3,-0.709539452786
17.32,0.100712157548,17.32,-0.765519916767
17.34,0.100712157548,17.34,-0.597578524825
17.36,0.100712157548,17.36,-0.513607828855
17.38,0.128702389538,17.38,-0.905471076718
17.4,0.156692621529,17.4,-0.0377738850208
17.42,0.184682853519,17.42,-0.457627364874
17.44,0.240663317499,17.44,-0.149734812982
17.46,0.184682853519,17.46,-0.00978365303054
17.48,0.184682853519,17.48,-0.177725044972
17.5,0.184682853519,17.5,-0.177725044972
17.52,0.100712157548,17.52,0.130167506921
17.54,0.0447316935678,17.54,-0.00978365303054
17.56,0.100712157548,17.56,0.158157738911
17.58,0.072721925558,17.58,0.0741870429402
17.6,0.072721925558,17.6,0.326099130852
17.62,0.0167414615775,17.62,0.10217727493
17.64,0.072721925558,17.64,0.130167506921
17.66,0.0167414615775,17.66,0.689972146725
17.68,-0.0952194663834,17.68,0.801933074686
17.7,-0.123209698374,17.7,0.801933074686
17.72,-0.123209698374,17.72,0.885903770657
17.74,-0.123209698374,17.74,0.857913538667
17.76,-0.0672292343932,17.76,0.717962378715
17.78,-0.235170626335,17.78,0.773942842696
17.8,-0.179190162354,17.8,0.885903770657
17.82,-0.319141322305,17.82,0.857913538667
17.84,-0.319141322305,17.84,1.10982562658
17.86,-0.235170626335,17.86,0.773942842696
17.88,-0.207180394344,17.88,0.997864698618
17.9,-0.403112018276,17.9,0.997864698618
17.92,-0.431102250266,17.92,1.08183539459
17.94,-0.403112018276,17.94,1.02585493061
17.96,-0.431102250266,17.96,0.997864698618
17.98,-0.431102250266,17.98,0.997864698618
18,-0.459092482256,18,0.997864698618
18.02,-0.515072946237,18.02,0.913894002647
18.04,-0.515072946237,18.04,0.857913538667
18.06,-0.487082714247,18.06,0.941884234637
18.08,-0.459092482256,18.08,0.801933074686
18.1,-0.347131554295,18.1,0.801933074686
18.12,-0.375121786286,18.12,0.689972146725
18.14,-0.431102250266,18.14,0.717962378715
18.16,-0.319141322305,18.16,0.689972146725
18.18,-0.319141322305,18.18,0.885903770657
18.2,-0.375121786286,18.2,0.606001450755
18.22,-0.263160858325,18.22,0.494040522794
18.24,-0.207180394344,18.24,0.633991682745
18.26,-0.235170626335,18.26,0.410069826823
18.28,-0.123209698374,18.28,0.270118666872
18.3,-0.347131554295,18.3,0.494040522794
18.32,-0.235170626335,18.32,0.214138202891
18.34,-0.207180394344,18.34,0.298108898862
18.36,-0.123209698374,18.36,0.158157738911
18.38,-0.123209698374,18.38,-0.065764117011
18.4,-0.123209698374,18.4,-0.065764117011
18.42,-0.0112487704127,18.42,-0.149734812982
18.44,0.0167414615775,18.44,-0.233705508952
18.46,0.072721925558,18.46,-0.345666436913
18.48,0.0447316935678,18.48,-0.289685972933
18.5,0.0167414615775,18.5,-0.233705508952
18.52,0.100712157548,18.52,-0.429637132884
18.54,0.100712157548,18.54,-0.401646900894
18.56,0.128702389538,18.56,-0.457627364874
18.58,0.184682853519,18.58,-0.457627364874
18.6,0.072721925558,18.6,-0.737529684777
18.62,0.072721925558,18.62,-0.653558988806
18.64,0.100712157548,18.64,-0.793510148757
18.66,0.0167414615775,18.66,-0.709539452786
18.68,0.0167414615775,18.68,-0.737529684777
18.7,0.072721925558,18.7,-0.933461308708
18.72,0.072721925558,18.72,-0.989441772689
18.74,-0.0112487704127,18.74,-1.01743200468
18.76,-0.0112487704127,18.76,-0.933461308708
18.78,0.0447316935678,18.78,-0.961451540698
18.8,0.0167414615775,18.8,-0.989441772689
18.82,-0.0672292343932,18.82,-1.01743200468
18.84,-0.0672292343932,18.84,-1.04542223667
18.86,-0.0112487704127,18.86,-0.989441772689
18.88,-0.207180394344,18.88,-1.04542223667
18.9,-0.179190162354,18.9,-1.01743200468
18.92,-0.263160858325,18.92,-0.905471076718
18.94,-0.235170626335,18.94,-0.989441772689
18.96,-0.151199930364,18.96,-0.961451540698
18.98,-0.235170626335,18.98,-0.877480844728
19,-0.263160858325,19,-0.877480844728
19.02,-0.347131554295,19.02,-0.877480844728
19.04,-0.375121786286,19.04,-0.709539452786
19.06,-0.347131554295,19.06,-0.793510148757
19.08,-0.431102250266,19.08,-1.01743200468
19.1,-0.431102250266,19.1,-0.625568756816
19.12,-0.375121786286,19.12,-0.709539452786
19.14,-0.487082714247,19.14,-0.765519916767
19.16,-0.459092482256,19.16,-0.457627364874
19.18,-0.487082714247,19.18,-0.513607828855
19.2,-0.487082714247,19.2,-0.289685972933
19.22,-0.459092482256,19.22,-0.541598060845
19.24,-0.487082714247,19.24,-0.177725044972
19.26,-0.459092482256,19.26,-0.261695740943
19.28,-0.459092482256,19.28,-0.205715276962
19.3,-0.459092482256,19.3,-0.233705508952
19.32,-0.431102250266,19.32,-0.149734812982
19.34,-0.375121786286,19.34,-0.289685972933
19.36,-0.487082714247,19.36,0.270118666872
19.38,-0.319141322305,19.38,0.214138202891
19.4,-0.375121786286,19.4,0.689972146725
19.42,-0.431102250266,19.42,0.186147970901
19.44,-0.347131554295,19.44,0.270118666872
19.46,-0.235170626335,19.46,0.158157738911
19.48,-0.123209698374,19.48,0.494040522794
19.5,-0.151199930364,19.5,0.354089362842
19.52,-0.263160858325,19.52,0.522030754784
19.54,-0.207180394344,19.54,0.661981914735
19.56,-0.0392390024029,19.56,0.661981914735
19.58,0.0167414615775,19.58,0.801933074686
19.6,0.0167414615775,19.6,0.745952610706
19.62,0.0167414615775,19.62,0.745952610706
19.64,-0.0112487704127,19.64,0.885903770657
19.66,0.0447316935678,19.66,0.857913538667
19.68,0.0447316935678,19.68,0.941884234637
19.7,0.128702389538,19.7,0.885903770657
19.72,0.156692621529,19.72,0.941884234637
19.74,0.184682853519,19.74,0.829923306676
19.76,0.184682853519,19.76,0.885903770657
19.78,0.156692621529,19.78,0.857913538667
19.8,0.184682853519,19.8,0.857913538667
19.82,0.184682853519,19.82,0.829923306676
19.84,0.212673085509,19.84,0.829923306676
19.86,0.156692621529,19.86,0.941884234637
19.88,0.156692621529,19.88,0.773942842696
19.9,0.184682853519,19.9,0.745952610706
19.92,0.128702389538,19.92,0.829923306676
19.94,0.156692621529,19.94,0.633991682745
19.96,0.072721925558,19.96,0.717962378715
19.98,0.072721925558,19.98,0.773942842696
20,0.100712157548,20,0.522030754784
20.02,0.0447316935678,20.02,0.578011218764
20.04,0.0167414615775,20.04,0.661981914735
20.06,0.100712157548,20.06,0.606001450755
20.08,0.0167414615775,20.08,0.550020986774
20.1,0.0167414615775,20.1,0.578011218764
20.12,-0.123209698374,20.12,0.214138202891
20.14,-0.235170626335,20.14,0.186147970901
20.16,-0.319141322305,20.16,0.522030754784
20.18,-0.123209698374,20.18,0.298108898862
20.2,-0.123209698374,20.2,0.326099130852
20.22,-0.263160858325,20.22,0.214138202891
20.24,-0.235170626335,20.24,0.0182065789597
20.26,-0.291151090315,20.26,0.0461968109499
20.28,-0.291151090315,20.28,0.0741870429402
20.3,-0.319141322305,20.3,0.10217727493
20.32,-0.375121786286,20.32,-0.065764117011
20.34,-0.375121786286,20.34,-0.177725044972
20.36,-0.459092482256,20.36,-0.205715276962
20.38,-0.487082714247,20.38,-0.289685972933
20.4,-0.515072946237,20.4,-0.485617596864
20.42,-0.487082714247,20.42,-0.233705508952
20.44,-0.487082714247,20.44,-0.653558988806
20.46,-0.543063178227,20.46,-0.345666436913
20.48,-0.571053410217,20.48,-0.513607828855
20.5,-0.543063178227,20.5,-0.793510148757
20.52,-0.487082714247,20.52,-0.597578524825
20.54,-0.487082714247,20.54,-0.737529684777
20.56,-0.431102250266,20.56,-0.569588292835
20.58,-0.431102250266,20.58,-0.821500380747
20.6,-0.459092482256,20.6,-0.793510148757
20.62,-0.375121786286,20.62,-0.877480844728
20.64,-0.403112018276,20.64,-0.737529684777
20.66,-0.347131554295,20.66,-0.905471076718
20.68,-0.403112018276,20.68,-0.765519916767
20.7,-0.263160858325,20.7,-0.793510148757
20.72,-0.319141322305,20.72,-0.849490612737
20.74,-0.179190162354,20.74,-0.877480844728
20.76,-0.263160858325,20.76,-0.821500380747
20.78,-0.235170626335,20.78,-0.849490612737
20.8,-0.123209698374,20.8,-0.821500380747
20.82,-0.123209698374,20.82,-0.821500380747
20.84,-0.0952194663834,20.84,-0.765519916767
20.86,-0.123209698374,20.86,-0.765519916767
20.88,-0.0952194663834,20.88,-0.765519916767
20.9,0.0167414615775,20.9,-0.709539452786
20.92,0.0447316935678,20.92,-0.569588292835
20.94,0.0447316935678,20.94,-0.681549220796
20.96,0.0447316935678,20.96,-0.457627364874
20.98,0.100712157548,20.98,-0.653558988806
21,0.128702389538,21,-0.429637132884
21.02,0.128702389538,21.02,-0.261695740943
21.04,0.128702389538,21.04,-0.709539452786
21.06,0.072721925558,21.06,-0.177725044972
21.08,0.212673085509,21.08,-0.149734812982
21.1,0.240663317499,21.1,-0.373656668904
21.12,0.184682853519,21.12,-0.065764117011
21.14,0.100712157548,21.14,-0.233705508952
21.16,0.072721925558,21.16,-0.261695740943
21.18,0.072721925558,21.18,-0.177725044972
21.2,0.128702389538,21.2,0.130167506921
21.22,0.072721925558,21.22,-0.0377738850208
21.24,0.0447316935678,21.24,0.10217727493
21.26,-0.0112487704127,21.26,0.550020986774
21.28,-0.0112487704127,21.28,0.214138202891
21.3,-0.0392390024029,21.3,0.242128434882
21.32,-0.0112487704127,21.32,0.214138202891
21.34,-0.0952194663834,21.34,0.298108898862
21.36,-0.179190162354,21.36,0.354089362842
21.38,-0.235170626335,21.38,0.130167506921
21.4,-0.235170626335,21.4,0.773942842696
21.42,-0.207180394344,21.42,0.438060058813
21.44,-0.179190162354,21.44,0.410069826823
21.46,-0.235170626335,21.46,0.606001450755
21.48,-0.179190162354,21.48,0.494040522794
21.5,-0.347131554295,21.5,0.689972146725
21.52,-0.291151090315,21.52,0.717962378715
21.54,-0.347131554295,21.54,0.745952610706
21.56,-0.375121786286,21.56,0.801933074686
21.58,-0.459092482256,21.58,0.689972146725
21.6,-0.375121786286,21.6,0.661981914735
21.62,-0.487082714247,21.62,0.829923306676
21.64,-0.515072946237,21.64,0.829923306676
21.66,-0.487082714247,21.66,0.773942842696
21.68,-0.459092482256,21.68,0.773942842696
21.7,-0.431102250266,21.7,0.745952610706
21.72,-0.431102250266,21.72,0.689972146725
21.74,-0.459092482256,21.74,0.689972146725
21.76,-0.403112018276,21.76,0.661981914735
21.78,-0.403112018276,21.78,0.606001450755
21.8,-0.347131554295,21.8,0.717962378715
21.82,-0.319141322305,21.82,0.578011218764
21.84,-0.319141322305,21.84,0.494040522794
21.86,-0.263160858325,21.86,0.438060058813
21.88,-0.375121786286,21.88,0.494040522794
21.9,-0.263160858325,21.9,0.466050290803
21.92,-0.319141322305,21.92,0.550020986774
21.94,-0.207180394344,21.94,0.466050290803
21.96,-0.263160858325,21.96,0.354089362842
21.98,-0.207180394344,21.98,0.270118666872
22,-0.207180394344,22,0.326099130852
22.02,0.0167414615775,22.02,0.214138202891
22.04,-0.0952194663834,22.04,0.130167506921
22.06,-0.0952194663834,22.06,0.0741870429402
22.08,-0.0112487704127,22.08,0.158157738911
22.1,-0.0112487704127,22.1,-0.0377738850208
22.12,0.0167414615775,22.12,-0.121744580991
22.14,0.0447316935678,22.14,-0.149734812982
22.16,0.0167414615775,22.16,-0.065764117011
22.18,0.072721925558,22.18,-0.205715276962
22.2,0.0447316935678,22.2,-0.261695740943
22.22,0.100712157548,22.22,-0.261695740943
22.24,0.128702389538,22.24,-0.233705508952
22.26,0.128702389538,22.26,-0.317676204923
22.28,0.128702389538,22.28,-0.345666436913
22.3,0.100712157548,22.3,-0.513607828855
22.32,0.100712157548,22.32,-0.401646900894
22.34,0.100712157548,22.34,-0.457627364874
22.36,0.072721925558,22.36,-0.625568756816
22.38,0.0447316935678,22.38,-0.653558988806
22.4,0.0447316935678,22.4,-0.485617596864
22.42,0.0447316935678,22.42,-0.569588292835
22.44,-0.0112487704127,22.44,-0.653558988806
22.46,-0.0112487704127,22.46,-0.709539452786
22.48,0.0167414615775,22.48,-0.625568756816
22.5,0.0167414615775,22.5,-0.765519916767
22.52,-0.0952194663834,22.52,-0.765519916767
22.54,-0.0672292343932,22.54,-0.681549220796
22.56,-0.0952194663834,22.56,-0.709539452786
22.58,-0.263160858325,22.58,-0.765519916767
22.6,-0.179190162354,22.6,-0.709539452786
22.62,-0.235170626335,22.62,-0.709539452786
22.64,-0.235170626335,22.64,-0.709539452786
22.66,-0.291151090315,22.66,-0.709539452786
22.68,-0.347131554295,22.68,-0.653558988806
22.7,-0.291151090315,22.7,-0.625568756816
22.72,-0.431102250266,22.72,-0.653558988806
22.74,-0.375121786286,22.74,-0.569588292835
22.76,-0.431102250266,22.76,-0.597578524825
22.78,-0.431102250266,22.78,-0.457627364874
22.8,-0.431102250266,22.8,-0.541598060845
22.82,-0.459092482256,22.82,-0.513607828855
22.84,-0.375121786286,22.84,-0.485617596864
22.86,-0.431102250266,22.86,-0.345666436913
22.88,-0.403112018276,22.88,-0.429637132884
22.9,-0.375121786286,22.9,-0.485617596864
22.92,-0.403112018276,22.92,-0.233705508952
22.94,-0.431102250266,22.94,-0.00978365303054
22.96,-0.431102250266,22.96,-0.289685972933
22.98,-0.403112018276,22.98,-0.177725044972
23,-0.375121786286,23,-0.065764117011
23.02,-0.375121786286,23.02,-0.149734812982
23.04,-0.375121786286,23.04,0.0182065789597
23.06,-0.235170626335,23.06,0.0461968109499
23.08,-0.347131554295,23.08,-0.065764117011
23.1,-0.319141322305,23.1,-0.00978365303054
23.12,-0.207180394344,23.12,-0.065764117011
23.14,-0.235170626335,23.14,0.186147970901
23.16,-0.0952194663834,23.16,0.382079594833
23.18,-0.319141322305,23.18,0.186147970901
23.2,-0.179190162354,23.2,0.242128434882
23.22,-0.207180394344,23.22,0.158157738911
23.24,-0.0952194663834,23.24,0.522030754784
23.26,-0.123209698374,23.26,0.186147970901
23.28,-0.0392390024029,23.28,0.354089362842
23.3,-0.0112487704127,23.3,0.494040522794
23.32,-0.0672292343932,23.32,0.633991682745
23.34,0.100712157548,23.34,0.326099130852
23.36,0.072721925558,23.36,0.522030754784
23.38,0.128702389538,23.38,0.550020986774
23.4,0.184682853519,23.4,0.494040522794
23.42,0.100712157548,23.42,0.578011218764
23.44,0.156692621529,23.44,0.606001450755
23.46,0.156692621529,23.46,0.578011218764
23.48,0.184682853519,23.48,0.578011218764
23.5,0.184682853519,23.5,0.550020986774
23.52,0.128702389538,23.52,0.606001450755
23.54,0.156692621529,23.54,0.606001450755
23.56,0.100712157548,23.56,0.550020986774
23.58,0.184682853519,23.58,0.550020986774
23.6,0.128702389538,23.6,0.550020986774
23.62,0.072721925558,23.62,0.522030754784
23.64,0.072721925558,23.64,0.522030754784
23.66,0.072721925558,23.66,0.522030754784
23.68,0.0447316935678,23.68,0.410069826823
23.7,-0.0392390024029,23.7,0.550020986774
23.72,-0.0672292343932,23.72,0.410069826823
23.74,-0.0392390024029,23.74,0.382079594833
23.76,0.0167414615775,23.76,0.438060058813
23.78,-0.0392390024029,23.78,0.466050290803
23.8,-0.179190162354,23.8,0.158157738911
23.82,-0.319141322305,23.82,0.242128434882
23.84,-0.235170626335,23.84,0.242128434882
23.86,-0.179190162354,23.86,0.0461968109499
23.88,-0.179190162354,23.88,0.242128434882
23.9,-0.375121786286,23.9,0.0741870429402
23.92,-0.235170626335,23.92,-0.065764117011
23.94,-0.319141322305,23.94,0.10217727493
23.96,-0.431102250266,23.96,0.130167506921
23.98,-0.431102250266,23.98,-0.065764117011
24,-0.487082714247,24,-0.233705508952
24.02,-0.375121786286,24.02,-0.0937543490012
24.04,-0.515072946237,24.04,-0.205715276962
24.06,-0.515072946237,24.06,-0.289685972933
24.08,-0.515072946237,24.08,-0.121744580991
24.1,-0.515072946237,24.1,-0.149734812982
24.12,-0.487082714247,24.12,-0.317676204923
24.14,-0.487082714247,24.14,-0.261695740943
24.16,-0.459092482256,24.16,-0.569588292835
24.18,-0.459092482256,24.18,-0.345666436913
24.2,-0.459092482256,24.2,-0.485617596864
24.22,-0.459092482256,24.22,-0.429637132884
24.24,-0.403112018276,24.24,-0.569588292835
24.26,-0.459092482256,24.26,-0.429637132884
24.28,-0.375121786286,24.28,-0.653558988806
24.3,-0.347131554295,24.3,-0.541598060845
24.32,-0.319141322305,24.32,-0.625568756816
24.34,-0.235170626335,24.34,-0.597578524825
24.36,-0.375121786286,24.36,-0.625568756816
24.38,-0.319141322305,24.38,-0.513607828855
24.4,-0.291151090315,24.4,-0.653558988806
24.42,-0.0392390024029,24.42,-0.597578524825
24.44,-0.207180394344,24.44,-0.569588292835
24.46,-0.207180394344,24.46,-0.625568756816
24.48,-0.0392390024029,24.48,-0.569588292835
24.5,-0.0112487704127,24.5,-0.597578524825
24.52,-0.179190162354,24.52,-0.569588292835
24.54,-0.0952194663834,24.54,-0.541598060845
24.56,0.0447316935678,24.56,-0.513607828855
24.58,0.072721925558,24.58,-0.457627364874
24.6,0.072721925558,24.6,-0.429637132884
24.62,0.156692621529,24.62,-0.429637132884
24.64,0.128702389538,24.64,-0.429637132884
24.66,0.184682853519,24.66,-0.401646900894
24.68,0.184682853519,24.68,-0.345666436913
24.7,0.184682853519,24.7,-0.317676204923
24.72,0.184682853519,24.72,-0.317676204923
24.74,0.212673085509,24.74,-0.317676204923
24.76,0.156692621529,24.76,-0.233705508952
24.78,0.156692621529,24.78,-0.261695740943
24.8,0.128702389538,24.8,-0.0377738850208
24.82,0.100712157548,24.82,-0.345666436913
24.84,0.156692621529,24.84,-0.261695740943
24.86,0.100712157548,24.86,0.0182065789597
24.88,0.100712157548,24.88,-0.149734812982
24.9,0.100712157548,24.9,0.10217727493
24.92,0.0447316935678,24.92,-0.0377738850208
24.94,0.0167414615775,24.94,-0.00978365303054
24.96,-0.0112487704127,24.96,-0.00978365303054
24.98,0.0167414615775,24.98,0.10217727493
25,-0.0392390024029,25,0.0741870429402
25.02,-0.207180394344,25.02,0.186147970901
25.04,-0.235170626335,25.04,0.10217727493
25.06,-0.235170626335,25.06,0.214138202891
25.08,-0.151199930364,25.08,0.354089362842
25.1,-0.151199930364,25.1,0.214138202891
25.12,-0.263160858325,25.12,0.382079594833
25.14,-0.263160858325,25.14,0.438060058813
25.16,-0.375121786286,25.16,0.382079594833
25.18,-0.291151090315,25.18,0.326099130852
25.2,-0.431102250266,25.2,0.382079594833
25.22,-0.375121786286,25.22,0.298108898862
25.24,-0.431102250266,25.24,0.354089362842
25.26,-0.487082714247,25.26,0.410069826823
25.28,-0.431102250266,25.28,0.466050290803
25.3,-0.459092482256,25.3,0.410069826823
25.32,-0.515072946237,25.32,0.466050290803
25.34,-0.487082714247,25.34,0.410069826823
25.36,-0.487082714247,25.36,0.438060058813
25.38,-0.459092482256,25.38,0.438060058813
25.4,-0.431102250266,25.4,0.410069826823
25.42,-0.487082714247,25.42,0.438060058813
25.44,-0.431102250266,25.44,0.382079594833
25.46,-0.347131554295,25.46,0.494040522794
25.48,-0.375121786286,25.48,0.410069826823
25.5,-0.347131554295,25.5,0.382079594833
25.52,-0.347131554295,25.52,0.242128434882
25.54,-0.375121786286,25.54,0.354089362842
25.56,-0.319141322305,25.56,0.326099130852
25.58,-0.235170626335,25.58,0.298108898862
25.6,-0.375121786286,25.6,0.242128434882
25.62,-0.151199930364,25.62,0.382079594833
25.64,-0.291151090315,25.64,0.242128434882
25.66,-0.235170626335,25.66,0.0741870429402
25.68,-0.179190162354,25.68,0.214138202891
25.7,-0.151199930364,25.7,0.158157738911
25.72,-0.0952194663834,25.72,0.130167506921
25.74,-0.0392390024029,25.74,0.242128434882
25.76,0.0167414615775,25.76,0.0182065789597
25.78,-0.0112487704127,25.78,0.0182065789597
25.8,0.0447316935678,25.8,0.0461968109499
25.82,0.100712157548,25.82,-0.065764117011
25.84,0.100712157548,25.84,-0.149734812982
25.86,0.100712157548,25.86,-0.233705508952
25.88,0.128702389538,25.88,0.0741870429402
25.9,0.100712157548,25.9,-0.149734812982
25.92,0.128702389538,25.92,-0.149734812982
25.94,0.212673085509,25.94,-0.177725044972
25.96,0.240663317499,25.96,-0.149734812982
25.98,0.240663317499,25.98,-0.233705508952
26,0.072721925558,26,-0.345666436913
26.02,0.072721925558,26.02,-0.289685972933
26.04,0.072721925558,26.04,-0.205715276962
26.06,0.100712157548,26.06,-0.345666436913
26.08,0.072721925558,26.08,-0.345666436913
26.1,0.0167414615775,26.1,-0.429637132884
26.12,0.0447316935678,26.12,-0.429637132884
26.14,0.0167414615775,26.14,-0.373656668904
26.16,0.0167414615775,26.16,-0.429637132884
26.18,-0.0672292343932,26.18,-0.317676204923
26.2,0.0447316935678,26.2,-0.513607828855
26.22,-0.0672292343932,26.22,-0.457627364874
26.24,-0.235170626335,26.24,-0.429637132884
26.26,-0.207180394344,26.26,-0.429637132884
26.28,-0.207180394344,26.28,-0.541598060845
26.3,-0.179190162354,26.3,-0.457627364874
26.32,-0.235170626335,26.32,-0.457627364874
26.34,-0.235170626335,26.34,-0.457627364874
26.36,-0.347131554295,26.36,-0.429637132884
26.38,-0.235170626335,26.38,-0.345666436913
26.4,-0.347131554295,26.4,-0.345666436913
26.42,-0.431102250266,26.42,-0.289685972933
26.44,-0.319141322305,26.44,-0.261695740943
26.46,-0.431102250266,26.46,-0.177725044972
26.48,-0.459092482256,26.48,-0.345666436913
26.5,-0.459092482256,26.5,-0.289685972933
26.52,-0.487082714247,26.52,-0.233705508952
26.54,-0.515072946237,26.54,-0.233705508952
26.56,-0.487082714247,26.56,-0.233705508952
26.58,-0.487082714247,26.58,-0.205715276962
26.6,-0.487082714247,26.6,-0.205715276962
26.62,-0.459092482256,26.62,-0.00978365303054
26.64,-0.431102250266,26.64,-0.205715276962
26.66,-0.375121786286,26.66,-0.065764117011
26.68,-0.431102250266,26.68,-0.121744580991
26.7,-0.403112018276,26.7,-0.149734812982
26.72,-0.403112018276,26.72,-0.177725044972
26.74,-0.263160858325,26.74,0.0461968109499
26.76,-0.347131554295,26.76,0.10217727493
26.78,-0.319141322305,26.78,-0.065764117011
26.8,-0.263160858325,26.8,0.0741870429402
26.82,-0.319141322305,26.82,-0.00978365303054
26.84,-0.123209698374,26.84,0.130167506921
26.86,-0.235170626335,26.86,0.0182065789597
26.88,-0.319141322305,26.88,0.0461968109499
26.9,-0.291151090315,26.9,-0.0377738850208
26.92,0.0167414615775,26.92,0.10217727493
26.94,-0.0952194663834,26.94,0.158157738911
26.96,-0.0672292343932,26.96,0.186147970901
26.98,-0.0112487704127,26.98,0.242128434882
27,0.0167414615775,27,0.214138202891
27.02,0.0447316935678,27.02,0.186147970901
27.04,0.072721925558,27.04,0.270118666872
27.06,0.072721925558,27.06,0.242128434882
27.08,0.184682853519,27.08,0.242128434882
27.1,0.156692621529,27.1,0.270118666872
27.12,0.156692621529,27.12,0.270118666872
27.14,0.184682853519,27.14,0.242128434882
27.16,0.212673085509,27.16,0.326099130852
27.18,0.156692621529,27.18,0.270118666872
27.2,0.184682853519,27.2,0.242128434882
27.22,0.212673085509,27.22,0.326099130852
27.24,0.184682853519,27.24,0.242128434882
27.26,0.184682853519,27.26,0.270118666872
27.28,0.128702389538,27.28,0.214138202891
27.3,0.072721925558,27.3,0.242128434882
27.32,0.128702389538,27.32,0.270118666872
27.34,0.100712157548,27.34,0.214138202891
27.36,0.072721925558,27.36,0.214138202891
27.38,0.072721925558,27.38,0.130167506921
27.4,-0.0952194663834,27.4,0.186147970901
27.42,-0.0392390024029,27.42,0.214138202891
27.44,-0.151199930364,27.44,0.10217727493
27.46,-0.0952194663834,27.46,0.186147970901
27.48,-0.151199930364,27.48,0.214138202891
27.5,-0.207180394344,27.5,0.186147970901
27.52,-0.319141322305,27.52,0.186147970901
27.54,-0.179190162354,27.54,0.0461968109499
27.56,-0.179190162354,27.56,0.0182065789597
27.58,-0.291151090315,27.58,0.0461968109499
27.6,-0.375121786286,27.6,0.0182065789597
27.62,-0.347131554295,27.62,0.0461968109499
27.64,-0.347131554295,27.64,0.0182065789597
27.66,-0.375121786286,27.66,0.0741870429402
27.68,-0.375121786286,27.68,0.0182065789597
27.7,-0.459092482256,27.7,-0.0377738850208
27.72,-0.431102250266,27.72,-0.065764117011
27.74,-0.459092482256,27.74,-0.065764117011
27.76,-0.487082714247,27.76,-0.00978365303054
27.78,-0.487082714247,27.78,-0.149734812982
27.8,-0.459092482256,27.8,-0.121744580991
27.82,-0.487082714247,27.82,-0.177725044972
27.84,-0.431102250266,27.84,-0.177725044972
27.86,-0.375121786286,27.86,-0.233705508952
27.88,-0.459092482256,27.88,-0.177725044972
27.9,-0.431102250266,27.9,-0.261695740943
27.92,-0.375121786286,27.92,-0.177725044972
27.94,-0.487082714247,27.94,-0.233705508952
27.96,-0.431102250266,27.96,-0.289685972933
27.98,-0.375121786286,27.98,-0.233705508952
28,-0.291151090315,28,-0.261695740943
28.02,-0.291151090315,28.02,-0.233705508952
28.04,-0.291151090315,28.04,-0.233705508952
28.06,-0.263160858325,28.06,-0.289685972933
28.08,-0.235170626335,28.08,-0.289685972933
28.1,-0.263160858325,28.1,-0.289685972933
28.12,-0.235170626335,28.12,-0.317676204923
28.14,-0.123209698374,28.14,-0.289685972933
28.16,-0.0672292343932,28.16,-0.289685972933
28.18,-0.0392390024029,28.18,-0.261695740943
28.2,-0.0672292343932,28.2,-0.289685972933
28.22,0.0167414615775,28.22,-0.261695740943
28.24,0.100712157548,28.24,-0.205715276962
28.26,0.072721925558,28.26,-0.177725044972
28.28,0.100712157548,28.28,-0.177725044972
28.3,0.128702389538,28.3,-0.233705508952
28.32,0.128702389538,28.32,-0.149734812982
28.34,0.212673085509,28.34,-0.149734812982
28.36,0.128702389538,28.36,-0.177725044972
28.38,0.156692621529,28.38,-0.177725044972
28.4,0.156692621529,28.4,-0.177725044972
28.42,0.128702389538,28.42,-0.149734812982
28.44,0.100712157548,28.44,-0.177725044972
28.46,0.100712157548,28.46,-0.121744580991
28.48,0.184682853519,28.48,-0.121744580991
28.5,0.128702389538,28.5,-0.121744580991
28.52,0.128702389538,28.52,-0.065764117011
28.54,0.100712157548,28.54,-0.121744580991
28.56,0.072721925558,28.56,-0.0377738850208
28.58,0.072721925558,28.58,-0.121744580991
28.6,-0.0112487704127,28.6,-0.00978365303054
28.62,0.0167414615775,28.62,0.10217727493
28.64,0.0447316935678,28.64,-0.00978365303054
28.66,-0.0952194663834,28.66,-0.00978365303054
28.68,-0.0952194663834,28.68,0.0182065789597
28.7,-0.207180394344,28.7,0.0182065789597
28.72,-0.263160858325,28.72,0.0741870429402
28.74,-0.235170626335,28.74,0.0461968109499
28.76,-0.151199930364,28.76,0.0741870429402
28.78,-0.235170626335,28.78,0.0741870429402
28.8,-0.319141322305,28.8,0.10217727493
28.82,-0.235170626335,28.82,0.10217727493
28.84,-0.375121786286,28.84,0.10217727493
28.86,-0.263160858325,28.86,0.10217727493
28.88,-0.319141322305,28.88,0.130167506921
28.9,-0.459092482256,28.9,0.0461968109499
28.92,-0.403112018276,28.92,0.242128434882
28.94,-0.487082714247,28.94,0.10217727493
28.96,-0.487082714247,28.96,0.0741870429402
28.98,-0.487082714247,28.98,0.186147970901
29,-0.487082714247,29,0.158157738911
29.02,-0.487082714247,29.02,0.158157738911
29.04,-0.459092482256,29.04,0.130167506921
29.06,-0.459092482256,29.06,0.214138202891
29.08,-0.347131554295,29.08,0.158157738911
29.1,-0.375121786286,29.1,0.130167506921
29.12,-0.375121786286,29.12,0.0741870429402
29.14,-0.347131554295,29.14,0.0741870429402
29.16,-0.347131554295,29.16,0.10217727493
29.18,-0.347131554295,29.18,0.10217727493
29.2,-0.347131554295,29.2,0.0461968109499
29.22,-0.291151090315,29.22,0.0741870429402
29.24,-0.347131554295,29.24,0.0741870429402
29.26,-0.319141322305,29.26,0.158157738911
29.28,-0.179190162354,29.28,0.10217727493
29.3,-0.263160858325,29.3,0.0741870429402
29.32,-0.179190162354,29.32,0.10217727493
29.34,-0.263160858325,29.34,0.0461968109499
29.36,-0.0672292343932,29.36,0.0741870429402
29.38,0.0167414615775,29.38,0.10217727493
29.4,0.0447316935678,29.4,-0.0377738850208
29.42,0.0167414615775,29.42,0.0182065789597
29.44,0.0447316935678,29.44,-0.00978365303054
29.46,0.0447316935678,29.46,0.0182065789597
29.48,0.0447316935678,29.48,0.0182065789597
29.5,0.100712157548,29.5,-0.00978365303054
29.52,0.072721925558,29.52,-0.00978365303054
29.54,0.128702389538,29.54,-0.0377738850208
29.56,0.212673085509,29.56,-0.00978365303054
29.58,0.128702389538,29.58,-0.0377738850208
29.6,0.156692621529,29.6,-0.065764117011
29.62,0.184682853519,29.62,-0.00978365303054
29.64,0.100712157548,29.64,-0.065764117011
29.66,0.100712157548,29.66,-0.121744580991
29.68,0.184682853519,29.68,-0.121744580991
29.7,0.128702389538,29.7,-0.149734812982
29.72,0.0447316935678,29.72,-0.0937543490012
29.74,0.072721925558,29.74,-0.121744580991
29.76,0.0167414615775,29.76,-0.149734812982
29.78,0.0447316935678,29.78,-0.121744580991
29.8,0.072721925558,29.8,-0.121744580991
29.82,0.072721925558,29.82,-0.0937543490012
29.84,0.0447316935678,29.84,-0.149734812982
29.86,-0.0392390024029,29.86,-0.121744580991
29.88,-0.0392390024029,29.88,-0.0937543490012
29.9,-0.0392390024029,29.9,-0.149734812982
29.92,-0.151199930364,29.92,-0.149734812982
29.94,-0.235170626335,29.94,-0.177725044972
29.96,-0.319141322305,29.96,-0.233705508952
29.98,-0.179190162354,29.98,-0.149734812982
30,-0.235170626335,30,-0.177725044972
30.02,-0.347131554295,30.02,-0.149734812982
30.04,-0.319141322305,30.04,-0.121744580991
30.06,-0.319141322305,30.06,-0.0937543490012
30.08,-0.375121786286,30.08,-0.0377738850208
30.1,-0.403112018276,30.1,-0.065764117011
30.12,-0.375121786286,30.12,-0.0937543490012
30.14,-0.459092482256,30.14,-0.0377738850208
30.16,-0.487082714247,30.16,-0.0937543490012
30.18,-0.487082714247,30.18,-0.065764117011
30.2,-0.487082714247,30.2,-0.065764117011
30.22,-0.487082714247,30.22,-0.065764117011
30.24,-0.515072946237,30.24,-0.0937543490012
30.26,-0.459092482256,30.26,-0.065764117011
30.28,-0.431102250266,30.28,-0.0937543490012
30.3,-0.431102250266,30.3,-0.0377738850208
30.32,-0.431102250266,30.32,-0.0377738850208
30.34,-0.347131554295,30.34,-0.065764117011
30.36,-0.347131554295,30.36,-0.0937543490012
30.38,-0.431102250266,30.38,-0.0377738850208
30.4,-0.375121786286,30.4,-0.065764117011
30.42,-0.347131554295,30.42,-0.065764117011
30.44,-0.291151090315,30.44,-0.065764117011
30.46,-0.319141322305,30.46,-0.0937543490012
30.48,-0.375121786286,30.48,-0.0377738850208
30.5,-0.207180394344,30.5,-0.00978365303054
30.52,-0.375121786286,30.52,-0.00978365303054
30.54,-0.123209698374,30.54,-0.065764117011
30.56,-0.207180394344,30.56,-0.0377738850208
30.58,-0.0112487704127,30.58,-0.00978365303054
30.6,0.0167414615775,30.6,-0.00978365303054
30.62,-0.0952194663834,30.62,-0.00978365303054
30.64,0.0167414615775,30.64,-0.0377738850208
30.66,-0.0392390024029,30.66,0.0182065789597
30.68,0.0447316935678,30.68,0.0182065789597
30.7,0.100712157548,30.7,-0.00978365303054
30.72,0.072721925558,30.72,-0.00978365303054
30.74,0.072721925558,30.74,0.0182065789597
30.76,0.100712157548,30.76,-0.00978365303054
30.78,0.184682853519,30.78,0.0182065789597
30.8,0.128702389538,30.8,0.0741870429402
30.82,0.184682853519,30.82,0.0461968109499
30.84,0.156692621529,30.84,0.0461968109499
30.86,0.128702389538,30.86,0.0461968109499
30.88,0.156692621529,30.88,0.0741870429402
30.9,0.128702389538,30.9,0.0182065789597
30.92,0.128702389538,30.92,0.0741870429402
30.94,0.184682853519,30.94,-0.00978365303054
30.96,0.072721925558,30.96,-0.00978365303054
30.98,0.072721925558,30.98,-0.0377738850208
31,-0.0112487704127,31,-0.00978365303054
31.02,0.072721925558,31.02,-0.00978365303054
31.04,0.100712157548,31.04,-0.00978365303054
31.06,0.0447316935678,31.06,-0.00978365303054
31.08,0.0167414615775,31.08,-0.00978365303054
31.1,-0.123209698374,31.1,-0.00978365303054
31.12,-0.123209698374,31.12,-0.00978365303054
31.14,-0.179190162354,31.14,0.0461968109499
31.16,-0.151199930364,31.16,0.0182065789597
31.18,-0.123209698374,31.18,-0.0377738850208
31.2,-0.235170626335,31.2,-0.00978365303054
31.22,-0.347131554295,31.22,-0.0377738850208
31.24,-0.263160858325,31.24,-0.00978365303054
31.26,-0.263160858325,31.26,-0.065764117011
31.28,-0.319141322305,31.28,0.0182065789597
31.3,-0.431102250266,31.3,-0.00978365303054
31.32,-0.459092482256,31.32,-0.0377738850208
31.34,-0.347131554295,31.34,-0.00978365303054
31.36,-0.347131554295,31.36,-0.0377738850208
31.38,-0.431102250266,31.38,-0.00978365303054
31.4,-0.459092482256,31.4,-0.0377738850208
31.42,-0.487082714247,31.42,-0.065764117011
31.44,-0.543063178227,31.44,-0.0377738850208
31.46,-0.487082714247,31.46,-0.0377738850208
31.48,-0.487082714247,31.48,-0.121744580991
31.5,-0.431102250266,31.5,-0.0937543490012
31.52,-0.375121786286,31.52,-0.065764117011
31.54,-0.375121786286,31.54,-0.0937543490012
31.56,-0.431102250266,31.56,-0.065764117011
31.58,-0.403112018276,31.58,-0.0937543490012
31.6,-0.347131554295,31.6,-0.0377738850208
31.62,-0.319141322305,31.62,-0.065764117011
31.64,-0.291151090315,31.64,-0.0377738850208
31.66,-0.291151090315,31.66,-0.0377738850208
31.68,-0.319141322305,31.68,-0.0377738850208
31.7,-0.319141322305,31.7,-0.0377738850208
31.72,-0.0952194663834,31.72,-0.065764117011
31.74,-0.319141322305,31.74,-0.065764117011
31.76,-0.319141322305,31.76,-0.0937543490012
31.78,-0.151199930364,31.78,-0.0937543490012
31.8,-0.0672292343932,31.8,-0.0937543490012
31.82,-0.179190162354,31.82,-0.065764117011
31.84,-0.151199930364,31.84,-0.065764117011
31.86,0.0447316935678,31.86,-0.0377738850208
31.88,0.0167414615775,31.88,-0.0377738850208
31.9,0.0447316935678,31.9,-0.0377738850208
31.92,0.0447316935678,31.92,-0.0377738850208
31.94,0.072721925558,31.94,-0.065764117011
31.96,0.100712157548,31.96,-0.00978365303054
31.98,0.100712157548,31.98,-0.0377738850208
32,0.184682853519,32,-0.0377738850208
32.02,0.184682853519,32.02,-0.065764117011
32.04,0.128702389538,32.04,-0.065764117011
32.06,0.100712157548,32.06,-0.0377738850208
32.08,0.128702389538,32.08,-0.065764117011
32.1,0.156692621529,32.1,-0.0377738850208
32.12,0.156692621529,32.12,-0.0377738850208
32.14,0.128702389538,32.14,-0.0377738850208
32.16,0.100712157548,32.16,-0.0377738850208
32.18,0.128702389538,32.18,-0.00978365303054
32.2,0.100712157548,32.2,-0.065764117011
32.22,0.0447316935678,32.22,-0.0377738850208
32.24,0.0447316935678,32.24,-0.065764117011
32.26,-0.0672292343932,32.26,-0.065764117011
32.28,0.0167414615775,32.28,-0.0377738850208
32.3,0.0167414615775,32.3,-0.065764117011
32.32,0.0447316935678,32.32,-0.065764117011
32.34,-0.235170626335,32.34,-0.0377738850208
32.36,-0.179190162354,32.36,-0.0377738850208
32.38,-0.375121786286,32.38,-0.0377738850208
32.4,-0.235170626335,32.4,-0.065764117011
32.42,-0.347131554295,32.42,-0.065764117011
32.44,-0.375121786286,32.44,-0.0937543490012
32.46,-0.263160858325,32.46,-0.00978365303054
32.48,-0.347131554295,32.48,-0.065764117011
32.5,-0.459092482256,32.5,-0.0377738850208
32.52,-0.431102250266,32.52,-0.0937543490012
32.54,-0.375121786286,32.54,-0.0377738850208
32.56,-0.403112018276,32.56,-0.0377738850208
32.58,-0.459092482256,32.58,-0.0377738850208
32.6,-0.431102250266,32.6,-0.0377738850208
32.62,-0.459092482256,32.62,-0.0377738850208
32.64,-0.459092482256,32.64,-0.00978365303054
32.66,-0.515072946237,32.66,-0.0377738850208
32.68,-0.459092482256,32.68,-0.0377738850208
32.7,-0.403112018276,32.7,-0.065764117011
32.72,-0.431102250266,32.72,-0.00978365303054
32.74,-0.347131554295,32.74,-0.0377738850208
32.76,-0.431102250266,32.76,-0.0377738850208
32.78,-0.431102250266,32.78,-0.065764117011
32.8,-0.375121786286,32.8,-0.065764117011
32.82,-0.403112018276,32.82,-0.065764117011
32.84,-0.347131554295,32.84,-0.065764117011
32.86,-0.375121786286,32.86,-0.0377738850208
32.88,-0.347131554295,32.88,-0.065764117011
32.9,-0.319141322305,32.9,-0.0377738850208
32.92,-0.207180394344,32.92,-0.065764117011
32.94,-0.291151090315,32.94,-0.0937543490012
32.96,-0.291151090315,32.96,-0.065764117011
32.98,-0.263160858325,32.98,-0.065764117011
33,-0.151199930364,33,-0.0377738850208
33.02,-0.0952194663834,33.02,-0.065764117011
33.04,-0.0392390024029,33.04,-0.00978365303054
33.06,-0.0392390024029,33.06,-0.065764117011
33.08,-0.0672292343932,33.08,-0.00978365303054
33.1,0.0167414615775,33.1,-0.065764117011
33.12,0.072721925558,33.12,-0.0377738850208
33.14,0.0447316935678,33.14,-0.065764117011
33.16,0.072721925558,33.16,-0.00978365303054
33.18,0.072721925558,33.18,-0.0377738850208
33.2,0.072721925558,33.2,-0.0377738850208
33.22,0.184682853519,33.22,-0.0377738850208
33.24,0.100712157548,33.24,-0.00978365303054
33.26,0.212673085509,33.26,-0.00978365303054
33.28,0.184682853519,33.28,-0.065764117011
33.3,0.128702389538,33.3,-0.0377738850208
33.32,0.156692621529,33.32,-0.0377738850208
33.34,0.128702389538,33.34,-0.0377738850208
33.36,0.156692621529,33.36,-0.065764117011
33.38,0.128702389538,33.38,-0.0377738850208
33.4,0.0447316935678,33.4,-0.065764117011
33.42,0.072721925558,33.42,-0.0377738850208
33.44,0.0447316935678,33.44,-0.00978365303054
33.46,0.0447316935678,33.46,-0.0377738850208
33.48,0.072721925558,33.48,-0.0377738850208
33.5,-0.0112487704127,33.5,-0.065764117011
33.52,-0.0672292343932,33.52,-0.0377738850208
33.54,-0.0672292343932,33.54,-0.065764117011
33.56,-0.123209698374,33.56,-0.065764117011
33.58,-0.151199930364,33.58,-0.00978365303054
33.6,-0.179190162354,33.6,-0.065764117011
33.62,-0.123209698374,33.62,-0.00978365303054
33.64,-0.235170626335,33.64,-0.065764117011
33.66,-0.291151090315,33.66,-0.065764117011
33.68,-0.263160858325,33.68,-0.00978365303054
33.7,-0.235170626335,33.7,-0.0377738850208
33.72,-0.319141322305,33.72,-0.00978365303054
33.74,-0.347131554295,33.74,-0.065764117011
33.76,-0.431102250266,33.76,-0.00978365303054
33.78,-0.459092482256,33.78,-0.0377738850208
33.8,-0.431102250266,33.8,-0.0377738850208
33.82,-0.403112018276,33.82,-0.065764117011
33.84,-0.515072946237,33.84,-0.065764117011
33.86,-0.487082714247,33.86,-0.065764117011
33.88,-0.515072946237,33.88,-0.0377738850208
33.9,-0.459092482256,33.9,-0.0377738850208
33.92,-0.431102250266,33.92,-0.065764117011
33.94,-0.459092482256,33.94,-0.0377738850208
33.96,-0.431102250266,33.96,-0.0377738850208
33.98,-0.431102250266,33.98,-0.065764117011
34,-0.403112018276,34,-0.0377738850208
34.02,-0.375121786286,34.02,-0.0377738850208
34.04,-0.375121786286,34.04,-0.00978365303054
34.06,-0.347131554295,34.06,-0.065764117011
34.08,-0.319141322305,34.08,-0.065764117011
34.1,-0.207180394344,34.1,-0.065764117011
34.12,-0.235170626335,34.12,-0.065764117011
34.14,-0.319141322305,34.14,-0.0377738850208
34.16,-0.235170626335,34.16,-0.065764117011
34.18,-0.235170626335,34.18,-0.0377738850208
34.2,-0.291151090315,34.2,-0.0377738850208
34.22,-0.235170626335,34.22,-0.065764117011
34.24,0.0167414615775,34.24,-0.0377738850208
34.26,0.072721925558,34.26,-0.0377738850208
34.28,-0.123209698374,34.28,-0.065764117011
34.3,0.072721925558,34.3,-0.0377738850208
34.32,0.0167414615775,34.32,-0.0377738850208
34.34,0.100712157548,34.34,-0.065764117011
34.36,0.072721925558,34.36,-0.0377738850208
34.38,0.072721925558,34.38,-0.065764117011
34.4,0.072721925558,34.4,-0.0377738850208
34.42,0.072721925558,34.42,-0.0377738850208
34.44,0.184682853519,34.44,-0.0937543490012
34.46,0.212673085509,34.46,-0.0377738850208
34.48,0.156692621529,34.48,-0.065764117011
34.5,0.184682853519,34.5,-0.0377738850208
34.52,0.128702389538,34.52,-0.0377738850208
34.54,0.156692621529,34.54,-0.0377738850208
34.56,0.212673085509,34.56,-0.0377738850208
34.58,0.128702389538,34.58,-0.0377738850208
34.6,0.128702389538,34.6,-0.00978365303054
34.62,0.128702389538,34.62,-0.065764117011
34.64,0.100712157548,34.64,-0.0377738850208
34.66,0.0447316935678,34.66,-0.0377738850208
34.68,0.072721925558,34.68,-0.065764117011
34.7,-0.0112487704127,34.7,-0.065764117011
34.72,-0.0112487704127,34.72,-0.0377738850208
34.74,-0.0112487704127,34.74,-0.0377738850208
34.76,-0.0952194663834,34.76,-0.065764117011
34.78,-0.179190162354,34.78,-0.0377738850208
34.8,-0.0952194663834,34.8,-0.0377738850208
34.82,-0.123209698374,34.82,-0.0377738850208
34.84,-0.375121786286,34.84,-0.0377738850208
34.86,-0.207180394344,34.86,-0.0377738850208
34.88,-0.291151090315,34.88,-0.065764117011
34.9,-0.263160858325,34.9,-0.00978365303054
34.92,-0.375121786286,34.92,-0.0377738850208
34.94,-0.347131554295,34.94,-0.065764117011
34.96,-0.375121786286,34.96,-0.00978365303054
34.98,-0.347131554295,34.98,-0.065764117011
35,-0.347131554295,35,-0.0377738850208
35.02,-0.487082714247,35.02,-0.0377738850208
35.04,-0.431102250266,35.04,-0.00978365303054
35.06,-0.459092482256,35.06,-0.0377738850208
35.08,-0.487082714247,35.08,-0.00978365303054
35.1,-0.459092482256,35.1,-0.0377738850208
35.12,-0.487082714247,35.12,-0.0377738850208
35.14,-0.431102250266,35.14,-0.0377738850208
35.16,-0.459092482256,35.16,-0.065764117011
35.18,-0.403112018276,35.18,-0.065764117011
35.2,-0.459092482256,35.2,-0.0377738850208
35.22,-0.431102250266,35.22,-0.065764117011
35.24,-0.375121786286,35.24,-0.065764117011
35.26,-0.431102250266,35.26,-0.0377738850208
35.28,-0.375121786286,35.28,-0.0377738850208
35.3,-0.263160858325,35.3,-0.0377738850208
35.32,-0.291151090315,35.32,-0.0377738850208
35.34,-0.235170626335,35.34,-0.0377738850208
35.36,-0.375121786286,35.36,-0.065764117011
35.38,-0.0952194663834,35.38,-0.0377738850208
35.4,-0.403112018276,35.4,-0.065764117011
35.42,-0.263160858325,35.42,-0.065764117011
35.44,-0.263160858325,35.44,-0.0377738850208
35.46,-0.0952194663834,35.46,-0.0377738850208
35.48,-0.235170626335,35.48,-0.065764117011
35.5,-0.0112487704127,35.5,-0.0377738850208
35.52,-0.0112487704127,35.52,-0.0377738850208
35.54,0.0167414615775,35.54,-0.065764117011
35.56,0.0447316935678,35.56,0.0182065789597
35.58,0.0447316935678,35.58,-0.0377738850208
35.6,0.072721925558,35.6,-0.00978365303054
35.62,0.100712157548,35.62,-0.065764117011
35.64,0.184682853519,35.64,-0.0377738850208
35.66,0.128702389538,35.66,-0.065764117011
35.68,0.184682853519,35.68,-0.065764117011
35.7,0.156692621529,35.7,-0.0377738850208
35.72,0.156692621529,35.72,-0.065764117011
35.74,0.156692621529,35.74,-0.0377738850208
35.76,0.156692621529,35.76,-0.065764117011
35.78,0.128702389538,35.78,-0.0377738850208
35.8,0.128702389538,35.8,-0.0377738850208
35.82,0.212673085509,35.82,-0.00978365303054
35.84,0.100712157548,35.84,-0.0377738850208
35.86,0.100712157548,35.86,-0.065764117011
35.88,0.0447316935678,35.88,-0.0377738850208
35.9,0.0447316935678,35.9,-0.0377738850208
35.92,0.0447316935678,35.92,-0.0377738850208
35.94,-0.0112487704127,35.94,-0.0377738850208
35.96,0.0167414615775,35.96,-0.0377738850208
35.98,-0.0112487704127,35.98,-0.065764117011
36,-0.0112487704127,36,-0.0377738850208
36.02,-0.263160858325,36.02,-0.0377738850208
36.04,-0.151199930364,36.04,-0.00978365303054
36.06,-0.263160858325,36.06,-0.0377738850208
36.08,-0.431102250266,36.08,-0.0377738850208
36.1,-0.207180394344,36.1,-0.00978365303054
36.12,-0.235170626335,36.12,-0.065764117011
36.14,-0.375121786286,36.14,-0.00978365303054
36.16,-0.403112018276,36.16,-0.065764117011
36.18,-0.347131554295,36.18,-0.065764117011
36.2,-0.375121786286,36.2,-0.065764117011
36.22,-0.431102250266,36.22,-0.065764117011
36.24,-0.347131554295,36.24,-0.0377738850208
36.26,-0.431102250266,36.26,-0.065764117011
36.28,-0.487082714247,36.28,-0.0377738850208
36.3,-0.487082714247,36.3,-0.0377738850208
36.32,-0.487082714247,36.32,-0.0377738850208
36.34,-0.459092482256,36.34,-0.0377738850208
36.36,-0.431102250266,36.36,-0.0377738850208
36.38,-0.431102250266,36.38,-0.0377738850208
36.4,-0.375121786286,36.4,-0.065764117011
36.42,-0.375121786286,36.42,-0.065764117011
36.44,-0.403112018276,36.44,-0.065764117011
36.46,-0.431102250266,36.46,-0.065764117011
36.48,-0.319141322305,36.48,-0.065764117011
36.5,-0.347131554295,36.5,-0.00978365303054
36.52,-0.319141322305,36.52,-0.0377738850208
36.54,-0.319141322305,36.54,-0.0377738850208
36.56,-0.319141322305,36.56,-0.0377738850208
36.58,-0.235170626335,36.58,-0.0377738850208
36.6,-0.207180394344,36.6,-0.00978365303054
36.62,-0.403112018276,36.62,-0.065764117011
36.64,-0.347131554295,36.64,-0.00978365303054
36.66,-0.207180394344,36.66,-0.065764117011
36.68,-0.0952194663834,36.68,-0.00978365303054
36.7,-0.123209698374,36.7,-0.0377738850208
36.72,0.0447316935678,36.72,-0.0377738850208
36.74,-0.0392390024029,,
36.76,-0.0112487704127,,
36.78,0.0167414615775,,
36.8,0.0167414615775,,
36.82,0.072721925558,,
36.84,0.100712157548,,
36.86,0.072721925558,,
36.88,0.128702389538,,
36.9,0.184682853519,,
36.92,0.184682853519,,
36.94,0.128702389538,,
36.96,0.072721925558,,
36.98,0.156692621529,,
37,0.156692621529,,
37.02,0.072721925558,,
37.04,0.100712157548,,
37.06,0.128702389538,,
37.08,0.100712157548,,
37.1,0.072721925558,,
37.12,0.0447316935678,,
37.14,0.0447316935678,,
37.16,-0.0112487704127,,
37.18,-0.0672292343932,,
37.2,-0.0672292343932,,
37.22,-0.0952194663834,,
37.24,-0.207180394344,,
37.26,-0.263160858325,,
37.28,-0.375121786286,,
37.3,-0.123209698374,,
37.32,-0.291151090315,,
37.34,-0.235170626335,,
37.36,-0.347131554295,,
37.38,-0.347131554295,,
37.4,-0.347131554295,,
37.42,-0.403112018276,,
37.44,-0.375121786286,,
37.46,-0.459092482256,,
37.48,-0.403112018276,,
37.5,-0.515072946237,,
37.52,-0.487082714247,,
37.54,-0.543063178227,,
37.56,-0.515072946237,,
37.58,-0.431102250266,,
37.6,-0.459092482256,,
37.62,-0.459092482256,,
37.64,-0.375121786286,,
37.66,-0.431102250266,,
37.68,-0.403112018276,,
37.7,-0.403112018276,,
37.72,-0.431102250266,,
37.74,-0.291151090315,,
37.76,-0.347131554295,,
37.78,-0.263160858325,,
37.8,-0.179190162354,,
37.82,-0.207180394344,,
37.84,-0.263160858325,,
37.86,-0.235170626335,,
37.88,-0.347131554295,,
37.9,-0.151199930364,,
37.92,-0.0952194663834,,
37.94,-0.0672292343932,,
37.96,-0.0112487704127,,
37.98,-0.0392390024029,,
38,0.072721925558,,
38.02,0.0447316935678,,
38.04,0.100712157548,,
38.06,0.100712157548,,
38.08,0.100712157548,,
38.1,0.212673085509,,
38.12,0.156692621529,,
38.14,0.128702389538,,
38.16,0.212673085509,,
38.18,0.128702389538,,
38.2,0.156692621529,,
38.22,0.184682853519,,
38.24,0.100712157548,,
38.26,0.240663317499,,
38.28,0.072721925558,,
38.3,0.072721925558,,
38.32,0.0447316935678,,
38.34,0.072721925558,,
38.36,0.0167414615775,,
38.38,-0.0112487704127,,
38.4,0.0167414615775,,
38.42,-0.0112487704127,,
38.44,-0.0672292343932,,
38.46,-0.0952194663834,,
38.48,-0.235170626335,,
38.5,-0.291151090315,,
38.52,-0.263160858325,,
38.54,-0.179190162354,,
38.56,-0.291151090315,,
38.58,-0.291151090315,,
38.6,-0.375121786286,,
38.62,-0.347131554295,,
38.64,-0.431102250266,,
38.66,-0.403112018276,,
38.68,-0.431102250266,,
38.7,-0.403112018276,,
38.72,-0.487082714247,,
38.74,-0.459092482256,,
38.76,-0.487082714247,,
38.78,-0.459092482256,,
38.8,-0.431102250266,,
38.82,-0.431102250266,,
38.84,-0.459092482256,,
38.86,-0.431102250266,,
38.88,-0.347131554295,,
38.9,-0.403112018276,,
